id,price_prediction
2591820310,386554
7974200820,881920
7701450110,1122514
9522300010,1860568
9510861140,709638
1761300310,261055
7732410120,783601
7010701383,617967
291310170,420115
4232901990,568115
6840701125,596930
3971700580,383523
4202400078,238646
6064800090,353492
2626119028,236418
3303980660,993882
862000020,743657
2386000070,849512
1138000450,371429
1775800420,458985
2291401425,413109
2025770560,1080688
3525069037,747149
9324800450,568980
8080400136,550888
8651540040,532519
9407001790,261201
1773101530,238679
9432900250,328644
1794500695,585600
2220069003,320647
923000120,449513
5728000060,556823
16000200,259085
1926059094,449255
6672900220,1026085
3629860060,797627
1822069109,413192
6675500105,368276
249000180,1961162
226059065,442578
396100110,265163
9264450460,337811
7853361210,393614
9474700020,296363
421000455,223134
3755200220,426685
7960100075,447433
9477100490,390794
9138100350,781227
1624049275,485123
2770606890,456122
1157200189,429792
2770601800,507333
9301300805,485061
2325069032,1061375
1021079099,360947
7215730040,754337
1853200080,439803
3224600340,708587
3222049120,405452
2113700025,272832
7893207925,212658
3586501085,540958
8024200010,371889
7116500705,177783
1598600209,305069
7204200025,751496
4206901505,542260
2937300440,910558
7205000180,326903
8718500665,366804
5318101765,825835
4122700020,957777
8078700020,515549
3303980680,799099
8924100372,1158895
2781270210,228120
519000043,521620
3225069301,1408560
151000075,703631
2297400020,449459
6617500085,669722
104510180,236502
3528900060,982306
3345100286,501374
1226039130,429779
8712100720,734299
3037200010,382617
3626039268,430381
104510230,248458
5112800060,386457
6072400280,601306
5317100570,1073594
9528102993,532040
2919201095,498446
6181400920,263619
185000161,271373
8691400010,732548
3345700165,542702
6151800486,209061
4340000080,1216648
4136960010,550750
3634100030,356821
1624059224,1063821
2788400090,266490
9828200762,472326
7524400250,496607
3528000290,715322
5700003630,2011758
2720069019,301699
7227501170,223854
2397101270,615679
6792100090,729943
2770602265,545506
3971700937,257857
422049203,229636
3076500830,339525
1423400260,284582
9161100795,423649
3126049052,487901
5100401468,426072
514500235,432356
1423200170,184569
1402100070,419866
624110020,748499
2407000145,183159
1890000225,809226
1320069271,320628
5490700085,373594
263000155,488852
3726800201,448835
5153200358,319191
2725079018,776142
7165700200,269843
9429000170,591718
8718500075,376024
1760650950,310666
1068000559,1377693
4113800500,657419
4077800507,556433
2725069150,724188
4008400035,684647
7016310270,412637
1432701230,230588
3278606050,354435
2473350710,398858
2185000685,186931
7792000025,394830
6868200029,478320
624069003,722338
7431500280,819140
3296000040,546510
1118001215,1556373
6453900040,786717
333100209,744839
34001765,575801
8946700100,389090
5561401210,575737
6671900095,343087
3275850020,699076
3876300600,398261
1450900020,267162
8562780280,325737
7663700973,313539
2126049032,393513
1823059159,169944
3438503426,271259
9297301495,568804
7140700850,378529
7942601805,672265
2555900030,379201
2887970040,259397
7419700010,625337
2239000011,370489
9283800050,315689
9407001340,271482
217500140,541474
7212660520,260168
3298201170,352173
3057000400,285467
6865200444,500060
6071600340,523135
6821600005,664284
1235100371,755756
7796450340,350218
3603000410,190014
9297300255,534236
9126100850,560660
2770601462,488662
2599001500,218150
1102000095,802289
1853080640,934403
9551201585,1038010
3438500796,322304
7518504291,504735
9269200340,444909
715010130,1351446
1982201485,603016
9526500080,395189
9277200180,461996
6669150280,298656
8917100153,602694
3760500516,979912
2725069050,991844
3332000091,359359
8562770080,597039
8151601190,235279
8563040160,613479
240000269,639898
4307350200,310390
1311910300,271212
3574900030,507134
7853230570,423189
320069049,399220
9839301060,662546
7011201333,657340
2781320100,284806
3421069120,439351
7852030320,464101
5316101075,2139878
5309100750,533604
629000730,708795
511700170,291589
1562100030,546691
2489200230,577382
524069116,522723
5315100737,1063769
1868900675,890363
1608000120,347470
705700240,349175
7575600610,282138
1778500015,662193
5423500240,200553
6713700025,334967
2734100734,323152
301402280,221115
2113700205,268216
4114601570,3022781
3332000615,356320
3630050180,362509
6852700520,499192
6870310010,615789
6163900981,330572
393000142,376166
1771100130,330319
1442860160,408895
9191200435,603005
6788200800,982194
1115300070,657417
3176600105,745954
2770604665,598395
5469500580,421784
5680000545,497597
3424089119,505210
1328300180,328254
1773100922,363097
4123830480,332546
9808610190,994621
4250200140,271864
4217402115,3333562
3831250350,377543
2397101055,774230
6817850110,822427
7526800200,636694
7853370100,591796
2523089025,873068
9476200680,264350
5714200140,434088
3575304895,546610
263000018,444575
8080400177,526385
6450304130,313327
514500090,552842
9477000300,420142
853600310,1332319
1951600240,212046
1099900120,336128
5323100120,556440
1223089016,423561
522059172,259804
1930300190,714157
9542840410,298123
8665050530,484102
5592900205,356946
5450300010,612844
2459960030,334934
3331500455,525665
3432500705,401542
3702900165,309984
5249803550,557183
626049058,416265
1788900380,178572
8075400360,209720
9113200250,759464
2738640040,700487
7821200307,465032
3530440140,225460
3582700130,453531
9276200569,727612
7197800020,595496
686200490,557664
3501600100,366356
6383000690,571041
7604400150,374441
5249801411,874868
2607720420,452608
9561100010,396965
1796370590,253547
4077800593,380351
854000165,243179
5536100010,704223
4188000670,808473
31000165,1459653
662350050,913077
4137000280,270593
6169901130,990242
1953400510,239277
7518506716,1011056
1552520010,362360
7955080270,310625
9212900100,533830
3438500798,327819
7899800890,234979
4319200605,455881
1329300480,380605
8935100100,874047
5016001260,378711
4337600280,304671
1446401220,169563
7135521530,650150
6888900115,250864
2413301070,279411
345700040,256974
5566100145,455865
7634800070,337309
9346910500,597863
3529300060,306669
8128600060,1127792
8572900275,212456
4139420590,1347772
9274200322,601168
1472700200,557398
8820903380,525673
8563010130,884802
8965450110,896822
9274204230,509690
8165501700,364870
2193340260,557945
1860600290,793017
1222000055,188621
2492200280,493545
2488200455,360103
809001520,1075791
1796361140,242735
6398000011,730937
6813600365,537001
7504100920,818246
8835770330,638637
524059322,842994
4307330280,379055
1245002952,982255
2021069059,255806
5700000595,640166
3629970930,693422
3336002215,221389
5100401060,694719
3278600750,304442
1126069045,930261
7568700175,330522
452001475,517200
9283800230,460984
1737300130,581401
6189600040,519611
3679400025,502563
1096100010,340253
9513900050,254009
5452800645,745387
273800100,233595
7228500037,462377
808300090,465499
2493200215,561511
5035300255,710450
3380900160,364939
3630000130,383510
7300400670,285172
6798100070,382192
8078400010,575110
5566100060,501898
2768200212,495552
4035900060,531805
9460000110,329857
7199320190,570082
2225039081,502358
9512200050,598891
2634500085,287791
3654800200,290344
2724079090,1243582
2597520720,799983
3034200426,386991
984000130,296655
7852020670,447310
7923500060,664515
2310030510,302983
2205500540,521995
2493200015,430136
7853361420,526576
5652600605,527150
5285200020,316879
9406530150,354145
5706300020,521879
3278602490,403071
7197000100,527620
4447300008,522775
7899800045,227767
9250900095,346296
9268851740,599296
8682261440,476508
7284900385,794670
8079040300,434329
2225300585,385142
3223039013,452036
2013801350,250800
4055701110,840843
3578401770,437857
4046500720,565218
6145601745,339276
5207200195,675469
1972201856,571317
7212680080,255817
7277100510,675920
522079022,563640
5605000440,753782
6632300230,350046
8815400165,643553
6708200320,463019
2426059076,567902
3260200200,562568
2770601741,496282
4338800500,250269
9201000320,746473
7655900038,335045
3625059140,549721
4222310010,184619
2114700115,304997
3291800710,301762
9406590010,403202
3025059124,2218948
7972601250,382937
930000470,950329
6690500060,518086
16000015,200631
5693501102,593428
8079040490,443053
7225000155,344855
8819900170,817336
7972601270,309371
1224069074,875811
5126900321,359637
3438501860,301309
2822069080,430650
1656600310,584609
3856900507,1260078
1626069139,472217
2524049257,1313738
3904960150,554198
7214820610,448167
7977201845,566377
2428100080,830581
2202500135,435527
1523550220,682450
2313900610,428767
4123840050,362851
2125059124,953950
1225039067,489624
6431500283,449500
2473380010,286969
5694501195,440853
2881700046,358915
6837820330,316528
2337300370,198906
3876540630,224805
626059317,363733
3374500520,352001
7228501903,360592
4019300051,503401
4232902615,581429
3546000090,252793
8127700215,748715
3438501100,420468
1769600066,632925
8146100610,606777
3052700695,571652
7954310210,631560
3761700053,1806947
1320069179,371992
1331900410,792741
7303100210,305784
2464400285,531971
6163901150,361459
8955800045,342043
2314300200,426072
9528104360,411076
4177100005,588065
8856960260,308807
1828001220,618053
3066400710,696634
624110610,828732
4040800260,406815
5019500215,547481
2481630180,1164193
7203170190,669779
510001280,907911
9430110120,716676
1565950030,331252
9828202255,829483
3878900270,448727
8091600080,203972
1112000035,300844
2228900270,299491
6648701740,295889
1245003740,658784
2174503441,534981
7708250010,302033
6072300110,573109
2329800140,264431
1494300040,508128
3832050130,289641
7203100730,918180
7199330170,451477
7785000220,712662
1250201175,421198
4054500180,985445
7905200061,439697
3751604895,189694
5220300140,286094
3323059027,334112
8651611980,888325
8673400190,553717
1668500100,848609
1023059365,525325
3308030060,329071
4232400860,917737
2144800615,213721
1568100920,1536691
9406510040,490792
2923049421,304684
1051000040,1655062
2077700042,649753
9423800030,275710
9818700455,730101
7133300675,343240
4113800550,652170
5553300375,1584551
2025701530,284592
7942601155,447784
7524300020,267576
2520069100,331054
5412300410,211282
7504110760,784915
2594200350,362638
2722059013,223441
8078430480,571631
1423069162,505392
8856001090,164033
7000100631,858953
4222200280,236984
7971300050,584089
2009001600,245534
6619910140,641534
2877100985,531336
1196000007,352068
1330850130,755441
6664900410,271008
1231001110,303561
9235900030,275243
9407101840,287491
9523103001,416815
2149800278,353841
7234601198,625698
9476700035,397060
9297301065,660101
518500700,792360
7843500090,326189
6056110780,342114
2345700260,340423
3509600070,232797
1431700280,350129
1623049174,265668
3024089049,313137
7853340450,402928
7732410360,784604
1446800995,305131
2946000285,244774
425079100,538673
3876313040,411706
1762600260,990275
1925069121,832887
7443000480,887160
7820000015,355865
4027701253,513203
2826049165,373360
5426300060,772027
1278000210,167861
923000270,361018
7657600005,248422
3024079057,385210
3276180020,294137
7304300760,294579
3908100020,557409
8835400805,741855
4051150070,217589
3904930530,460055
6163900971,386319
7942600310,468072
4365700330,266430
423059207,279938
3992700265,321749
7177300090,468878
2540820010,617813
5700002510,1050266
5201000030,589136
7631800015,1474032
2922702965,692209
1525059198,902387
1245003160,700798
3810000455,313512
7855600080,667828
5701500030,1097393
7504020400,656932
1402600570,301008
7575610760,284226
8731990370,364415
5021900090,903867
290000075,536884
2841500010,487044
3955900830,396400
7852110140,574256
1311400350,247135
7773800015,541936
4123400320,526616
2725069157,875361
666000143,798442
5101408678,543805
6371000026,361915
2024059084,673458
7283900036,331623
8881900230,748068
3959400135,415703
7696610270,233102
1689400150,866056
5103900015,413129
1441000350,460099
5101408735,324543
3126059027,1936915
2320069014,535721
9541600015,626205
8682320420,728895
1562200090,582473
3395070980,510421
7349600230,252956
522049122,258823
869700060,276742
811000055,1096668
1221059176,394331
1523059103,413974
2025760210,757250
9218400088,331620
8682292020,434705
2623089135,430926
3758900259,1380217
524069049,558636
3121500150,805824
5581400080,765829
8087800020,445664
4070700290,729524
3296000170,616336
9238500040,526552
2744600040,348807
6813600380,640180
6140100150,475853
2201500555,449130
2600110250,636538
4337000275,174666
1186000150,571902
1972201963,503001
1105000745,375843
2887700560,606089
4039700080,716424
522049104,311696
4202400078,238646
7520000695,210664
7714000310,398987
4319200060,795247
8624700015,699252
5104520610,333216
2354300845,326675
3824100291,456251
6151800612,236795
5454200080,1005697
6413600290,352708
2131200065,319790
1459920010,275119
50300090,389395
2326300090,599460
7714000070,393145
3630180500,960869
1727850340,1060041
8691430330,1026750
2310030390,230420
5561400610,498319
7010701016,511247
7883605915,257101
1282300995,361100
4040700310,505250
3353400435,248101
2143701015,514561
255450020,370871
1020069017,443669
4038200120,494918
9284801100,264287
1965200075,612983
847100047,529317
4038700720,507806
6815100085,792457
2508000020,332843
255520180,702998
6822100750,606130
869700050,324882
1775801405,573921
6600400090,234247
7202330270,451328
1683400165,820562
2625069070,1129690
7625702440,418101
3388000640,236725
1899400365,281439
6899990200,901144
5569700020,834505
986000045,289515
3293700221,321671
3764800250,366826
2291400566,387128
4219401236,1511283
4239400840,172969
7211400990,190978
7696500280,188514
7215721070,511766
3204850140,353779
4322200220,634774
2566300100,1087146
1944900090,423379
6648500390,288107
7385300020,760667
1704900135,316513
2877100655,721512
2726079098,620135
7625703800,484800
318300040,562229
7922800190,510467
2023049361,222065
8946400210,488401
6071600450,559054
4343800100,408416
1443300140,374016
1024039001,931782
2767704860,615241
7234600851,681379
644200065,891235
7784400035,712319
3826000560,228501
9272202260,493454
263000253,470592
3621059043,577246
240000130,531398
1352300120,210987
7849200861,271920
2487700130,484348
1796100140,232021
7234601221,544109
8651710190,415492
2916200091,570970
1232000915,536045
1545801970,290663
3211200420,333283
7686204675,199034
3141600210,182944
3959401284,587256
2113700825,264300
3876000710,387613
522069022,496212
3214200070,345691
1221039156,305576
259600790,435053
785000040,489297
8138870470,481639
2596300035,330780
540100057,1289166
3073500045,478577
5363200266,407277
8682261650,506152
3224510080,813287
3211270160,428206
9269200520,221683
293810190,475734
4197400043,321056
3026079031,335532
5332200405,899926
2473411210,299133
9268200315,550836
8123500050,609504
3221069091,526695
2485000165,559424
4058800215,562095
1926059039,933039
2533300680,977030
3343903640,307298
5700003705,1447458
2023049372,402541
4058800830,572872
3333002302,403717
2944500340,295602
1982200790,539727
8929000270,484252
8122101440,266776
7525530470,783323
9332800020,670401
3878900525,234867
5420300210,246529
9232900165,309880
6414100026,385211
3013300660,741141
7954300120,595536
1081200360,324480
2877102345,500554
2202500255,515844
7984400050,225686
9558020380,485356
7812801850,191919
8944460020,388542
2306400040,526873
8649400410,382913
7889602020,208693
2041000025,468743
871001484,610075
2767602141,579582
3630180470,792304
2769602140,453917
2473250280,322550
5422560660,533611
3756600240,360705
8651600160,795884
7202300540,927556
8961950250,470497
3303000130,431441
798000062,275573
1695900150,884101
1604730150,508290
4136930310,362270
8835401250,1639275
8665900328,443773
9262800255,265829
1853080570,842834
5556300114,696412
9517200290,424392
4037200295,518720
7417100123,389539
2620069077,191397
7922720040,632135
558100090,534092
257000037,283065
3319500385,444992
9297301520,330162
3580900090,370614
1321039076,181654
7227801581,300217
9407001620,285671
2130400150,323149
2312400200,257621
4046700210,431600
1193000480,1022203
1492800296,545095
3013300017,447501
3630240140,572265
1049010390,329735
9320900420,153850
4315700060,367258
2591010290,312886
323089085,655120
6600400270,198880
2919701105,476609
7202360670,875533
8927600100,841542
3211700045,611470
4027701326,500957
1601600195,267486
7853280350,778694
3629970130,698946
7203120020,841334
9542900190,363375
8035350120,530570
1238501184,1073465
251200240,480944
8945300200,198118
2162000160,1043134
5466310060,199198
1239400064,881728
5205000020,312242
1720800305,667215
7280300375,521441
2095800400,492755
7852010950,555052
1428001160,593101
9528104910,641040
8644210470,842656
7923300310,500786
254000100,600687
1931300688,468751
7007700030,438307
422049178,236702
422069067,431651
2923049393,361066
930000305,476150
2461900448,474453
2610100020,282968
2895550050,242987
7701700040,285962
2460900020,527809
9827700105,585152
1005000240,297298
7200001254,543213
866400040,544866
305000170,676532
2260800110,830575
3442000127,700640
5253300437,441265
7576700150,1005242
5469501410,507248
5104531120,742769
723049434,307598
622069006,1186621
2517101200,308611
8159620160,245179
5561300640,441317
3317010130,235981
4364200250,395258
8732300060,719745
5603700025,824949
3585900190,846984
3996900575,254406
8731801260,237750
3810000860,321549
5700003585,2136116
6332000050,502946
9286100250,394923
9471201110,977865
9290800050,545658
7300200400,660218
526069024,1019459
1454600156,834873
3904980360,522119
2626119062,289688
8651730290,440560
7611200195,764281
1919800260,542435
6632900354,289640
3972900195,331722
5151600170,295171
7016000440,455248
871000435,768211
9578060540,527863
2332700060,911495
766000240,286449
4363700200,296681
7100000250,334715
2781250560,217789
2781250100,351167
5419800220,256013
7147600245,268548
2926069083,921614
6189200125,742522
9542830160,300669
5152200020,266779
9412900045,497032
6600410480,180981
6979970080,523517
5636010280,272426
1732801300,781857
5561401530,531599
9578500510,343489
7304300906,320009
1223089077,537725
721049207,268865
8691330310,867671
1523069204,457415
3188100105,668729
6608500290,390188
2891400410,387812
7663700551,288631
5413200140,255913
425069139,592717
6713700155,360729
2767603505,478586
7789000080,234504
9211500620,228496
3750604417,183648
7922800320,558376
1471620240,346296
2222059052,344215
9551200270,1071091
2767603160,539407
9406710060,368285
8929000250,362970
5538300120,393180
2223069120,471461
1652500060,1807945
8564500240,424248
3629700120,597604
3943600070,397455
4171200025,293580
2425049063,2882419
9828701650,417950
3581000340,343200
8100900015,418456
2125059161,1091212
304000380,222985
8146200070,1596113
686530170,537675
2917200645,467929
9547200530,900928
2122059199,306125
1150000740,674088
5706200060,292336
9265410010,238884
4083800555,503695
6152900332,341835
2520900301,224930
9828200790,491945
1657530180,304543
7471900045,268900
9828200460,441836
1775900140,442110
6139800430,438381
7214400005,536334
5332200026,483110
9510970300,793935
2540830020,400423
3392100140,187831
1326069191,364932
2125059112,1229820
859000022,350066
8854100350,667989
121059007,179749
7977201707,513586
3859900060,2389673
8815400735,751579
705700530,340190
6600780130,381092
6378500105,429142
8143000310,476268
2877102330,653019
3526039074,616230
2115510300,250605
3024059014,2007363
2141330360,579630
546000400,520517
2071500011,452051
7972000240,236094
7016200460,443997
6204200180,419038
1552100135,1178941
88000173,432642
2581900235,804000
9211500560,233372
621069218,449928
1321970240,286617
798000630,295600
421000285,259496
2824600180,821422
3832051140,311180
1237500105,715863
8802400906,265200
3166900270,389488
3682000060,365506
5469700020,289014
1245001820,637846
9547205660,575678
7974700122,691000
7550801225,560836
1099950050,845902
1402900460,305692
7636800041,903530
2115720270,255035
8651441750,194278
3904100035,279902
8815400020,627274
3303860590,496128
5427110040,906710
1782000160,386785
6204420290,472390
3995700245,280884
7955040130,443531
1442880650,523303
8833510230,875728
7283900551,462530
4396000180,257791
7504021310,684107
322059264,258875
3654800040,272303
2767704777,523593
3278602190,346657
3236500220,487443
3410600100,296260
629410180,742466
3352402250,162705
4363700304,316927
7237550130,1142513
9808590210,1348459
8074200175,266411
3463400330,470624
6306400140,814506
8564950250,592781
5381000070,211558
9826700697,535409
8132700190,477441
7943000020,185542
9547204675,540283
4112100101,570237
727500030,616843
114101426,358857
9274202005,795541
1193000380,856571
3039000020,478652
7852170130,685229
2624079010,561669
4137010540,283838
7576200012,787007
1138020020,321534
3969300030,186835
898000200,213637
5153100030,287950
5104532030,507709
4406000050,217225
9274203390,604454
8682290360,443851
6928600330,249890
4139680070,891304
6844702690,477779
2154970020,1726759
4385701285,1092992
2426059071,575369
2867300160,536547
9512500720,534846
1773101020,308960
8687800100,286546
3627800050,1584054
1604600227,283219
3300701170,424299
9250900111,463851
7015200790,588707
1311100490,239555
2469000010,922601
1982201596,545262
1862700290,336216
2586800270,241309
9528102772,472449
5490210200,447200
6669080020,389878
179003055,200865
1860600535,930599
1592000130,629306
3905040170,545301
9320500080,256811
9276200850,459653
224069114,658089
2260000340,595155
5096300130,411212
3432500215,368740
2600000050,702892
8856003839,230222
2492200435,405118
7855900110,1187231
6806100250,336557
2770603523,495303
1370800515,1665263
2726049150,484450
1226059161,533206
1068000375,2586765
9528104109,476745
5126310060,487425
1951820070,555740
1545805980,427550
9464700340,893820
4319200675,864400
7518500885,539564
7852020620,502842
869700370,345348
8643000190,236535
8902000267,600886
7972602435,250615
2050100210,936302
6705120540,493450
2767601390,614869
4141000490,1129478
9345400350,788414
3222079162,313147
7789000120,227372
6646200770,738227
6666800180,812388
1725800280,491906
6117500460,814328
5470100220,228065
5457300478,450310
7550800195,591577
7787050180,563821
6204430250,513995
7640400250,499407
624110920,832999
3629920140,357889
7173700518,683888
3210200395,254482
2473480560,402714
2623089141,500697
1423800080,235037
2076400050,275167
3832060120,319122
7702600930,481302
5101404555,410610
3723800415,399088
3356403400,232536
9214400125,535663
1797500530,561201
9551201660,1135730
3878900815,348659
1760650280,328085
5466410030,243288
6388930620,605630
2331300395,785368
9412700160,298036
871001611,574604
3142600120,566655
3995700220,342804
2310000280,285476
8039900400,383566
7504021510,723133
1959700445,1608788
1556200155,626007
3629960590,366434
259000240,466424
662440020,399602
3123049142,556596
321100260,778980
6840701095,504205
3738900165,415013
4427100130,426209
9238500100,428323
6145601810,333308
2570300090,367007
4017600010,500009
1005000220,361755
1257202120,520052
9527000490,499702
8691400080,734618
1726069084,443698
248000240,216537
6113400046,367950
2130702350,389948
920069052,244772
6071300160,592088
1623049041,132198
9268200285,351272
1843100520,371720
2887700826,624005
9122000385,578617
9475700220,364425
2804600005,759482
2896400300,388962
5015000180,742638
3630220180,767318
8832900780,587007
1568100300,398853
8718500610,414037
4147200140,1085863
1973700030,1067954
8862000075,196602
9320990110,276116
1151100035,409664
2011000010,220764
1651500060,1008400
446000190,897146
2344300220,907321
523049195,208879
9191200015,667060
7942601410,733229
7137800300,208332
7853300280,515947
6654700240,321736
569000050,588181
3584000180,232047
2026079055,322524
8898700880,271185
5075400150,618181
8731981360,358727
4222500020,227301
7996720050,620502
4077800094,701071
6446200365,565898
2824089053,509754
1311800220,242066
3522049063,690930
1721801280,180625
6131600240,187947
7202310040,622497
1123059125,561996
646910160,241934
5630500005,353997
3342100785,296765
9547205610,635710
1773100123,286725
3353400092,304807
217500015,356645
3649100031,394008
7896300150,316498
623049185,241611
1773100430,327513
1781500220,815190
3395380200,258302
2424059170,2099204
4389200765,1743675
1543000060,492675
6154900005,627774
2902200240,482297
1442880640,530203
8562770490,543686
2768300655,591987
3432501315,307962
5035300570,807832
3626039028,446242
3876540780,240639
327000100,973346
7551300065,478893
1312920060,247360
2215901230,269037
6306800010,451169
2767700022,516118
5589900610,527457
4320200020,663146
5249804655,626124
9238500480,495213
3885806565,1030179
7905200205,457110
5727500102,299475
3585220070,386490
2078500210,530292
1839920050,387140
534000080,321797
856000255,640850
4141010110,1393896
9558040820,676703
7768700315,1177983
2796100640,286117
1922059010,212085
3448000542,268914
3883100220,293358
7237301210,279326
3893100456,945827
9578501110,339760
6145601995,437194
4024100120,300385
8899000050,343973
3396820010,565085
6749700117,364469
1954400060,534453
3303970100,716564
2540850070,435581
3797000745,502871
7883603700,260732
3438501452,403064
3530210260,714235
3598600049,188326
731500170,332377
7129304375,195122
263000006,444575
7212660560,304678
1112700010,396593
3420069060,664044
2473000470,427465
8691390980,737009
6184700100,454685
4476400275,319793
2968801240,262533
1529300160,447004
7640400070,599771
7016100380,474272
2172000890,470464
4035900015,690255
9528104660,966830
507100005,351921
2783100160,401887
3629921140,840014
1099750610,240460
1330300451,1041630
2757000030,790683
2114700190,363112
2050000020,980486
3832500790,264680
2612000390,357485
1483300430,483110
8899200720,302236
9183700470,308859
3530490031,224890
7857001225,374125
7920100083,420549
2254501620,456601
3303000130,431441
3876200070,390778
369000365,351985
3052700385,654775
7856550240,785566
7300410110,362550
7201800300,406343
1695900060,529552
9429500146,1027846
3629910240,679051
8805400090,236012
1022069050,255551
1138010530,369814
7877400266,174307
7974200452,975569
2126049265,484775
9547204350,713480
5560000680,176985
3793500550,309609
4217401195,1090850
1826049408,359736
3905100210,479787
7695370160,508760
3210400060,234469
6146600170,158158
2767601750,411420
1773100926,394805
5700002125,577167
1951100100,180034
1402200340,344740
8044200200,370276
66000070,294234
5083100065,180156
4027701284,383963
5693501100,586643
3600072,545628
8078550250,300846
1922059046,242817
2902200016,599334
9183700845,152813
3333001997,338742
1432400525,245653
2824059128,523530
6453550090,887492
6202600070,1236037
7524100280,226542
3524039224,969256
5739601300,478219
2473000410,402865
421059018,301335
4232901120,672862
5559600140,243745
3797310150,275687
7986400265,844047
3025300095,2094347
7524950830,509083
9407100730,267401
3812400854,378284
6002400030,326578
2212200090,242100
7202330610,527070
7300400170,319815
8965000110,472742
3996900125,303213
2221000100,277535
1524079088,342885
1133000036,374629
1868901190,664492
4037200530,481491
2095500120,340312
1995200338,768465
8820902350,787564
7459810210,387980
9536600010,514273
8085400586,1595168
7518503065,388831
8682320350,600382
3179100790,772530
9828702666,493092
6713700250,534468
2141330700,616383
7519001990,404731
3223069019,304851
7994700030,341873
2592300450,288137
2792000010,391544
173000025,350483
7203150330,660012
3305100210,886240
2581300055,867531
6613000750,1641287
7015200685,662552
1323089184,449221
3793500510,377832
2225079030,371216
3578400710,416550
8100000090,257108
2095500040,310939
8682281710,674156
6163901380,288946
6918720080,613814
6914700130,481241
1205000215,487693
3800008,311314
6150200180,301400
1223089066,738529
7768800290,796493
9285800330,857569
1974300020,499133
7628700050,828100
9376301800,679322
8651430220,171427
629810350,807024
5016002180,916671
9558010230,364882
8732000390,229076
7899800586,345812
5249802460,425221
1446300020,559304
7785380150,506133
1245500950,634789
3362400640,630768
7578200310,750939
4137020910,290296
11520640,762965
7972601995,224518
8122100160,392789
9456200450,292142
1328320760,335137
4025300285,339400
2721600125,984850
1123049027,191639
3542300060,221858
291310340,509615
8651720420,434904
3298200790,400409
4037200585,481140
1329000090,1247087
9279700013,1181708
4151800265,423583
7760400210,245750
5029450110,224255
9492500160,889592
3578400270,439586
7606200090,285547
3682000050,355252
1250200415,357966
629811600,700592
1839500115,315383
1176001293,1747347
3013300409,380722
7853280370,769340
3275780030,599322
3336001946,259256
5456000110,740337
2473250400,294068
5393601635,553734
8820902905,344143
1245001659,647020
1523069215,463395
930000234,479211
4083301645,694330
4055700778,660526
2781230080,430422
3629910210,684639
7856700060,627764
7589700055,487535
3888100043,367373
6381501636,388326
3303951150,390636
8638500170,370750
5635100050,404486
8820901792,870355
5456000025,1161489
985001275,167779
9560500105,674885
1421069117,229263
4154300296,305492
795000620,139569
9828702335,502286
1250202145,1019875
1163400070,253661
5652600065,613372
1042700050,787519
8899210320,357895
1651800030,1550567
2919201365,763054
4365200895,311826
6841700100,879106
7376300060,430932
7852090180,547947
9222400565,622038
9542400075,906633
7338000150,198439
4322500110,515243
7694200070,433223
9321010130,271272
3204300455,1135764
6706000040,278453
1565930130,414167
3279000420,210807
194000575,466131
2115510160,252958
7522500005,598714
3787000140,481341
7852110690,648321
5469700260,366407
8691410730,727314
114100763,280990
1257202430,780287
7000100635,526758
1900000195,182597
251500330,1807857
7701960210,778342
4037000065,450021
522059299,255006
6072300800,648356
6821102358,513049
5029450200,232380
8860310240,587734
826000295,380110
9417400110,410194
3959400345,784557
8899000430,333685
7527200030,743288
8562720410,1207876
1432400335,216026
6699940320,360589
2525059172,750786
7548301044,375717
2141300420,805423
5100401414,420649
7346600092,241593
6852700478,523113
87000213,213048
5416500260,306099
322059097,279294
7229900005,340572
7116000350,137111
3739500096,376738
6744700900,665613
1959700550,979987
5589300435,411357
1775920350,330722
3750607974,288209
5318100935,740887
1442700430,485778
9346700030,692812
1841500050,322936
7278100665,352598
8635750980,621701
6909700340,686980
7011201475,812344
9348500220,538737
3876313170,416290
2195700050,892531
3760100200,453427
3396800120,535323
3750603685,257031
9828702310,563286
8656300380,417175
1438000170,541967
2423069164,505301
2112700845,294484
7635801370,539038
8572900135,418894
7504010590,819725
6821100125,433911
4310702775,282291
2591010180,438879
9828700235,655390
9376301180,519579
1646502355,1081998
1498301672,515983
7715600070,375514
7283900045,463151
522069119,502864
5200100125,605265
826069184,504509
3271300155,808280
4444800045,593825
8682291050,724988
2770605420,499094
1556200205,520728
269000970,1292536
9264900880,254383
2323059074,208888
1224059053,1069330
3755500065,413150
2571900430,355126
3705000070,307473
824069173,577302
1735800050,165470
3025059089,778181
6132600655,890414
1068000255,1674364
3052700921,665117
3024089057,299297
7390400026,291019
1787600224,392053
2923049372,311909
7015201015,966319
7701990040,890229
1925059194,1184467
301401370,332988
1931300955,416447
2395710070,378499
2591820070,411463
7883604065,255711
808300200,490753
1421069159,492411
8562780540,285167
2787720300,376281
2349300069,301749
739000035,173761
2397101460,593324
7625702437,387369
5101406441,446764
3323500010,1084487
225039082,830684
8078100260,344201
4139480200,1356484
7436300160,539837
822039004,623062
8651442910,251351
1370803510,736902
3342100569,655501
1310430400,521715
104540820,243900
4305500030,581936
993000090,823406
8044050040,425354
5707500050,788960
6306800080,358499
9206700190,748337
8732040090,294123
3037200045,455243
438000025,615094
239000115,332098
8929000230,480609
7135520610,1198347
5561300340,487210
9530100085,710101
6613000140,1427170
8835210130,357955
3782400190,330874
379000051,283695
3869900150,317915
4322200050,440914
8961980290,726057
2558670110,458942
1124000010,404688
3869900138,478063
7853300720,476687
251300110,281293
3904100041,289286
7701990300,840344
8682231190,538176
7888200240,204738
2025700730,282797
3066410800,740674
7576200040,742680
2526069095,1161166
2781270530,211253
3763300005,475259
1523049083,209982
923049468,196213
3303700221,671959
1502400140,223670
2880100160,1036216
4083304535,842787
8820902549,613960
4139400060,829639
1222069094,320077
9367200205,643191
2734100736,331775
3856904580,618444
3812400789,331107
3303980090,987617
1314300018,280322
9522400350,533867
7524350080,338606
9406520260,334416
3278602040,393116
7696620100,232431
3751600635,242136
6365900065,410233
8732800100,264920
3876540410,235924
7349660050,268641
1036700220,727365
5417600200,331349
8732020310,278528
6844703240,865982
923059206,345128
4038700220,594161
2597520900,737030
7203230040,996032
8820903560,300281
424069112,759863
6056100102,635663
1823069155,456793
9412400220,3026624
6851700381,1126169
13001215,232035
3630180340,796512
6746701090,570589
3832050760,279627
369000690,451217
6071900130,543296
7266200085,612146
1473120390,456189
9523100458,575391
4345000510,228791
6600220090,449901
8079040320,392647
1357900060,451504
3996900295,311428
1442700250,541302
5021900175,623864
4365700130,301496
3876100320,539535
2124069103,392369
6700400140,270477
7852090810,539479
1454600038,903630
4137000250,295336
9826700726,561625
6716700325,469726
8562750300,584608
9315600050,1838534
2790410250,694954
7732410130,689018
1387301730,347306
1568100220,315716
3975400085,922849
339600110,459432
7888400500,236093
1842390130,656028
7595700025,380135
2158900140,736695
6151800070,376936
9294300515,758475
1250202660,714769
9106000005,924363
5035300085,692407
8898700440,276646
723049197,197204
2019200220,198008
2926049408,689809
4233600190,917556
9268851860,424398
5458800620,602237
424069096,486166
8150100265,269362
2742100085,408742
8045600130,388201
8039900086,298508
4131500190,353979
1370802650,682868
821049149,252230
5104520460,377457
5466750140,241963
1703900155,315742
8658303065,374464
3298720030,424211
1839900080,357513
1561600025,766968
6064800410,321396
621069102,214204
7853360620,412523
9385200045,587798
7214770020,651882
5412300100,236165
2025701360,264602
7334602070,289812
8029200190,209357
2622049052,550121
3126049261,365123
4443800705,487043
2473420100,309484
7922710520,547159
3336001911,264848
3797000300,456713
5406500480,635453
6706600090,441176
1518000230,340602
1250202990,861869
6441800060,802889
2141500070,493973
9407101900,262582
5451300117,1749814
326069132,439197
7153400100,244948
3083000910,461969
3021059304,323222
2597530650,776873
3972900215,352942
2473420070,300515
6115400008,551903
8682220230,740178
642150080,587158
3775300030,342062
5418200340,678818
2424059119,1060628
7899800476,254284
8598200070,269028
2421059125,499900
9528102771,554670
7522500020,624776
7202340720,615150
3286800260,582226
1121059105,480561
7504030220,717146
4045100190,1645211
9406530090,368700
7138000260,269570
2600010390,701965
2917200365,431440
2191600780,205410
7784000180,496187
6149700194,320571
8082400136,832638
7202340930,602955
1972200556,615951
2767604170,484414
3271301175,585465
3223059303,497931
7598100735,1038693
3348401490,348174
1545803390,274124
2296700050,528803
3626500045,730532
1596600060,267494
3616600250,1289147
8078560140,288193
1796360350,231455
2770601763,512664
3223069118,674000
2473372040,391789
3575302759,416828
5706200170,445166
1774000030,423264
2224700136,335563
1250200418,338949
5416500840,369696
7335400345,149864
3776300010,928798
8857320130,509358
424069206,761757
3592500985,983846
9828701295,431762
2621750340,299440
7334401000,242722
3286800110,609370
1722069097,488406
3574770030,497098
1336300610,1131714
7230900100,326498
6141100320,321772
2767602356,650419
476000017,464597
2558600100,436990
3500100015,266604
4074300150,422710
8907500070,3186032
4388000260,194023
2475900850,247153
7852010900,556958
318500300,701175
9200000050,160897
1026069106,428643
205000120,680923
2616800600,864101
921049141,680831
2023069059,634881
7229900145,402822
4376800010,566018
4389201095,2228147
826069127,509025
2310000250,268733
4058801225,351188
6600220550,491342
3585300194,1395929
2594200375,412051
1102000514,877750
1862400471,464284
6928000440,286761
9578060470,531432
8732020670,286444
1823069088,307747
8712100350,1154189
3420069055,384988
4229900140,286434
8682280490,390736
3830630310,259735
5100400251,388018
1737100830,640531
1630700276,374362
6326000205,433483
3426049284,2703192
3814900260,392240
7403200050,1612505
1725059252,725213
8899200570,317882
4137000700,284901
1115300270,632796
3904920380,597322
2695600195,427124
9542100135,777263
1552510160,403194
1823059241,665890
2193320450,604169
1122069006,567157
7853340330,391859
1954420380,521938
7299600530,273153
1760650670,257509
6819100080,552532
2767704649,480330
2424059035,868238
1566100400,402332
5255690060,504046
8860500130,407795
7349650120,318610
3291800670,442097
3764650010,499196
5416500950,435684
7973202712,175895
3291800120,237989
9211500620,228496
8643200020,403525
9197100101,175546
3531900060,337558
8842400071,371806
6844701680,430211
6413600285,465226
5196410260,939501
824069121,637471
3876313120,393648
269000030,1013046
1560930070,678810
4435000705,195569
9542400025,850731
2470200020,1522578
7519000580,547917
1226059101,527482
4449800063,472940
2815600305,671249
3821200050,284651
2644900110,399322
8058500005,384148
1099760230,226268
1954430180,538180
7853360480,476742
7229100040,315015
1432400120,190826
1898200080,336748
4054520100,879272
2568200140,753008
587550010,654114
4154303215,838597
6358900070,986568
3277801640,476056
6209000165,342459
6143000020,288700
2591780180,386629
5412400170,249749
5466350120,252408
2877104196,744186
3222059007,282344
7957600025,249507
2698200210,262344
3764500230,538148
414100630,352499
8029740060,326801
1426049054,369826
546001060,668654
3277801417,470970
3630120970,751954
2326059080,895770
3278612370,389672
4024700100,305347
7697870860,243202
8562900240,663449
4059400585,228066
5703000050,474988
7701990560,806920
1760650610,318651
5408100035,409017
1370800560,1343440
2880100240,493619
3630060150,497357
6071700020,528203
2473002500,431982
2768300650,537530
3523089019,734551
2787250190,501137
9477940440,419791
8732030440,305040
236500050,312595
993000100,801236
5466700360,255037
7203220300,902871
8682292180,407152
5209200010,472489
7853360990,412572
8663310010,430665
2313900165,530586
6114600030,562974
3303990030,735894
6679000960,346026
8161000230,593454
9510860060,715466
1223089083,688394
2721049059,278875
2523039278,246719
9826700707,496773
2159900120,491806
2767600635,573777
3812400455,419744
7852030960,417938
319500080,719749
1061500360,310579
1787600209,416839
7888700030,508937
3623500260,882774
4219400520,1408739
518500460,2489483
2500600297,261441
7283900010,317012
9225900055,315165
4036800925,406937
7967900150,359450
1782000130,449020
3163600015,165452
254000075,416634
1424059022,1073594
2768200090,716900
4319200505,525326
1592000780,677824
1687910100,547126
5200100115,560863
3751600176,202210
5608010650,875880
2051200506,272720
2781280310,292247
1023059190,254413
2787310130,282803
4358700100,430301
3121069036,526713
1959700225,622741
3205500230,363618
7974200937,504076
6819100111,962624
6146600175,158811
1525069095,802873
1231000510,449382
4122700040,993649
2426039314,288399
2013200390,264552
1854900330,689424
1923300135,590998
582000135,564915
587800130,270010
7840800135,232020
6116500366,347186
6392002635,606812
5361700020,353856
106000395,412068
7199330390,376138
2484700155,615919
4038300070,468929
9407101850,304365
293610040,648897
7202360760,837213
5608010750,1105422
7236500025,326283
9144300120,340463
1454100267,391607
1377800135,624180
7967700570,230452
1562100220,606175
2923039243,405547
868002080,756417
7137960460,273408
1023089096,258942
3262300818,1640769
8563050110,569273
7137300245,407629
4365200630,409234
4100500070,1609769
3821400200,255721
5379803386,254251
4237901075,607294
8118600155,344517
8946780080,902658
1428000970,414501
7011201004,717827
2799800180,350797
522059130,244666
4315701163,556322
3649100387,438533
2125410210,461531
3224900130,222711
6798100661,324062
3626039325,777404
8730000270,357026
6065301040,864636
1665400165,200602
2203500140,419268
4058800875,366614
5076700025,425422
7853420110,608283
7818700480,320937
8658303080,373817
3187600100,594714
4077800518,339428
2470100110,2766595
3451000206,295350
1843200350,192709
7904700126,370609
9430000070,279175
6003500749,601091
7701990700,779615
1310820150,326555
3975400190,588882
4100000050,622003
7202270700,580784
7370600020,630483
126059225,481043
106000015,428514
4458800060,884901
8944290090,257469
8682250330,598385
9834200390,493563
3275880100,731076
7227501190,231870
1796100010,686380
3831200210,289765
2521039066,258050
7701800050,445150
3904960910,668601
5647900670,269675
7234600796,518404
3021059244,223572
7787400030,1730800
2051200436,561037
8820901415,343341
3523069047,834538
9194101388,492537
7277100610,315349
9471200370,1721350
2767800140,691895
3629870110,504892
9136102057,603972
8648900060,510671
3678900110,425217
2767600150,491204
1972201511,584941
6055000430,552342
6624030050,394673
2215450150,326206
2767603824,467438
3585900460,758284
2922069134,417735
9267200062,391810
7228500425,560472
1089000190,910679
3359500960,510443
5152100160,427193
7230300060,349862
2423059067,451201
8016250060,253495
2524059267,1115093
1438000440,488534
3326069026,598381
9353300600,299004
8691410060,732642
6332940070,513679
1310980110,302489
7428000120,226775
3626079040,632025
2722049077,274596
984220290,295954
5347200160,275623
4154303655,491163
2953000250,267845
9523102447,686344
5104511840,401878
3448740250,424899
4219400290,1034768
5152100060,547201
3279000460,216786
1102001274,948504
1251200155,1099170
2025700740,275598
3820350050,353256
1245000438,718851
7853230200,442119
3832200070,259635
2926049400,432162
1246700251,919263
6372000155,589772
7950300670,375074
7518504130,566739
9286100200,405951
3992700585,445998
7234600786,837423
5476800069,379354
1126059201,1332478
9527000090,479396
402000115,302086
8818400450,1078326
2475900840,250524
1437500015,208595
2848700095,385588
1529300135,319940
2597520090,746671
7812801125,201227
3343903647,406586
1951600250,180672
9542840590,266023
8081010040,1099109
3262301355,1255735
1861400068,477257
3295900490,452713
4345000440,226408
4219400465,1096148
3797700030,300332
3204300860,756049
1930301555,514185
8807300130,313502
4391600035,284018
5021900140,1593076
2946000590,257199
686400210,533863
3365900462,257954
8682262170,388164
7312400325,368332
3760100100,394740
3579000410,475692
1773100755,524017
7129300175,311729
6303400965,226815
1328320440,344679
3686900025,230641
1221039066,396617
7950304095,296513
3585900785,1104729
9455200329,530888
629410130,778848
1994200375,640993
6669200370,1005232
7262200150,198624
7504010750,599792
5253300173,322281
3395040200,295469
322069109,372431
4054510270,1014116
1710400005,562410
8644300170,684477
2450000290,1110621
6102400166,659544
1934800087,477892
3333000775,288014
5393600509,311051
621069039,329135
3343903611,597260
2954400020,1081938
7972000010,171451
7214810510,450689
5561300540,474917
2634500070,379405
6822100310,688941
9201000100,706845
1072100085,340127
6190701146,393292
3277800845,288584
112900020,341072
1324059048,627992
7979900126,389924
7199330370,421577
6381500720,446674
8078550190,273036
7853440140,781103
6300000396,364970
3374500250,369427
3343901188,274284
6979900010,804647
7199340320,537286
1112000125,315999
9269200150,322189
5104510210,292074
925059219,577700
100600320,201489
1789900080,263316
2123049142,318869
2459900040,545114
3902300450,596838
7250000065,319454
7823700005,293661
3750605247,222401
2771601730,512121
3298600440,398196
9141100005,573712
8682262190,393399
9407111250,236377
1336800010,1460012
2255500060,578003
7950302345,316120
8658303585,273283
9184700600,1152925
8068000440,318359
1310000130,308125
7853221330,737894
1222029077,237072
8562891100,349066
2517000260,345692
2225300149,376201
8651410330,178010
2413910050,596869
9407100720,273005
2112700920,360363
3761700251,917940
1036400100,655690
3585300365,617867
8562750060,860956
2719100042,518982
952007055,414079
925049318,606211
7203220260,1014381
9320990140,280399
8567450140,524385
5379800810,201870
7784000100,562824
3992700475,417687
7905380280,425952
943100683,406596
8029770470,572485
2818600060,930639
1226039124,457759
726049184,281672
795001930,228083
339350150,737385
1332700270,334861
7548300170,600192
6141100330,441363
647100096,690988
6744700423,450417
2895800750,287676
4046600220,358237
8809200070,360516
293700110,876159
4178500440,254432
4358700164,247326
9197100263,256587
2426039313,288127
9468200163,609132
475000190,521488
7504180170,472743
4036800170,496359
2561330040,486654
4123400340,491016
524069115,835350
4047200850,331186
8651440230,246576
3905030140,551025
510000641,650973
8663370020,403381
2883200760,737792
1980200384,844006
9468200140,476474
1796370150,269193
9238900085,527492
9191201325,618857
2538400060,959433
3758900037,842337
2472920800,404569
321030150,327372
2571910100,328923
1423910670,295559
1118500030,815429
1939000010,681546
1776460190,496695
7504400290,658425
3448700070,391306
7518501025,575611
923059252,496874
1431700210,256418
8635760480,564685
9175600025,1083042
7922720250,526365
8944360390,505775
8948500065,223179
8669160310,284355
6117502745,437156
1789800020,382597
226039186,318985
6457000080,277761
9557300080,549452
8562790480,673755
6430500008,518128
1604590230,773361
9542850290,724057
7831800395,310518
3317500030,1159383
624101110,742161
3654200039,389638
7856000150,838784
4338800685,268792
3211230300,401152
3904910650,556511
3598600088,270389
3796000400,356383
7972601280,442428
1450300050,268447
7504050090,770523
9202650130,521367
2419600075,376751
1224049005,810800
7129303240,330471
1922059135,198318
7852020250,720610
4139910180,1650785
4222300040,265292
1024069027,940459
8944600620,545171
5040800060,746818
1036400200,649564
7899800915,234098
3325069025,490160
9408300310,612270
1773100604,376523
5451100490,991277
9536602080,182996
9828702055,427439
3362401758,487319
476000333,472375
4364700730,339640
5559200020,269284
7522600110,233393
104510440,241800
8820901275,571200
3298700125,257999
323089172,430411
5364200477,582927
2222900082,441319
6641800020,609030
9358001422,350676
3438501150,314628
2206500430,517307
9272201318,537361
585000095,643289
7708210050,545234
9407000840,272927
4027701265,516412
8644210050,788382
8656800020,417673
3329520170,222597
5104520720,336592
3806000005,155622
2330000015,727211
1447600410,261835
8641500252,387379
6084600420,277629
441000115,453872
2597490030,639452
650000030,731562
3585210200,400607
5416501030,424144
5406500170,640447
2916200065,428266
3330501975,488482
1774220070,572200
8731730710,220598
7861500150,376351
1402630190,413622
9117000230,300196
7133300380,703807
4232400470,726784
1773100972,354165
9413400165,268717
7658600025,447485
6909700040,1015527
1402900380,288066
6625910100,470005
3204900010,592650
5162100820,308029
5560000480,155180
1704900303,558223
8084900170,1907641
2887700091,726815
4331400190,299003
3762900130,355396
52000067,538952
5430300120,776958
8956000460,639179
8856950310,259203
3364900156,348621
9310300211,300456
6448000020,1351551
123039570,384369
7600065,607422
3123039171,433092
8964800445,1505295
7857000732,407921
7525410090,549023
9541600350,724447
3186600515,755524
4123820450,329730
2505500030,1058759
1541700240,316154
6629300120,368954
7399800150,469400
9517200180,353863
1313300340,507997
7967650010,359767
8807810090,383344
8815400670,820088
2310030500,287781
2241700075,319347
2287400030,317603
2827100075,274869
1310700390,317884
5498100010,458787
723000114,1374275
6431000987,448199
3356407665,205196
7852110050,554793
8677900123,485792
1917300260,225911
3396800280,563649
8691420050,826871
9368700006,305504
339600290,403946
1592000250,634009
1471701780,352365
8928100205,609473
5029450100,210806
5493110080,2094564
7883603750,307432
1732800175,846772
1518000290,337782
8604900017,567078
5379805160,297505
1254200835,570328
3179100482,418297
3313600266,200159
976000879,639782
8819900220,692874
2130701535,294342
1176001124,570765
7893805650,341223
3885806840,783571
3625600190,1217057
8562790150,818318
7348200115,214547
955000453,454862
6817810310,415154
4040400340,466737
1644500050,642990
8029500100,320452
5244801230,686262
1115100119,368373
9542400010,855244
423059387,573750
4023500990,266802
7899800857,285269
2976800796,235730
1074100020,315040
446000010,560884
7942601200,453269
3575305495,834185
8691310040,750903
6117500430,706299
3924500130,575135
2028701075,493719
4330600360,231317
1324079082,441945
9268200484,731898
9828701605,554480
7518506715,1010751
5315100277,1303287
3942900115,384005
1561930020,502854
9510970090,618479
6163900821,362124
9510300220,556101
3869900146,315652
9262800208,784447
2522029039,466841
6865200095,650495
3782760040,483891
4237901250,575660
2891000610,223924
2749600095,505348
5422810010,360128
3629980350,776139
2459500070,273093
5113400364,674646
7533800885,777317
629410190,743994
8651431100,182896
7960100050,505771
1842200040,426619
425200205,246127
9477201470,356033
7905200365,491085
6381500635,317465
6052400175,393805
1236300268,519133
6072800265,1915492
3423049311,216089
3755100540,362439
7852150120,382278
4180300050,361778
7625701935,317511
7132300550,414063
3025059093,2693899
8161000220,502534
7852011020,611591
2599200160,398576
5536500020,562575
2095600150,271800
8910500226,400244
1681400010,829480
1424069110,706942
5127001620,308918
7940710070,415537
2413300980,282152
7853400250,619353
9542801310,290780
1890000169,520912
2720000120,297793
9424400105,503318
7888780090,298322
3501100280,362498
3905100220,510758
723000150,917335
8691310980,736394
2297400250,450768
2892600056,244235
5273200080,538698
5145100460,427219
5561401260,567853
7732650040,900605
7504101280,897928
8581400345,257498
7129302800,389650
9551201560,610450
1546600020,622452
2648000071,238661
3339900640,223134
7853301240,463587
943100262,306840
7202430150,846009
3558000120,330737
3890600150,479145
7452500315,249162
7173700591,692211
438000015,726611
928000020,376713
3830700010,391323
3845100640,406467
6675500112,345548
1773100920,358263
9485940330,408351
5561000600,467075
1786830090,622427
2011000020,246264
8024200681,419444
5452301810,2037968
5515600075,269467
357000135,1242917
2541100010,602429
1090000036,555813
3459100300,432260
2450000295,1169921
162500015,401003
2592210290,772068
5101405265,515325
1122069019,707114
7501000220,874816
1310900140,320288
3298700941,258091
1972200382,435719
5100402764,446444
2623069069,659265
6372000280,523036
4305600240,481850
2767602094,547344
2500600289,191527
7203160090,858928
3521069146,561794
824059321,1611404
9348700610,851109
7228501745,487817
6021503656,458768
5437400630,533788
2207100740,448723
7202000220,398813
629811340,681940
1324079029,333713
418000010,188061
6303400290,204174
4139910030,1228587
3023039066,357354
8698600395,211418
2799800710,340330
7351200050,959039
8564860270,484440
2591830020,415831
4139420430,1541058
9828201725,503534
2420069604,265944
7224000315,182928
3861470120,1903147
3222069151,289920
3869900155,367290
123039346,270560
305010050,688079
2141340040,702645
7504021310,684107
2436700315,523862
8732750100,375820
3298201290,354947
9241900150,1036676
1180005220,233268
5540000050,288997
9211520400,257275
2623029078,448948
7132300695,412904
6430500219,440652
6084200100,374320
7140200280,256611
3904910610,615391
7625701900,488502
9432900560,339087
1388600110,236314
9126101201,366246
4224100030,376257
1109000390,600472
3336000296,235171
7504100590,754374
2025701060,244566
7527410080,616254
7304301045,274458
2591840050,446130
2767602490,481007
5494000040,1230678
2473251090,282623
3825500080,474724
2309710150,337425
8901001335,675078
1781500435,497135
8835220200,338333
4037500335,548908
1338300180,1691769
7968000120,253006
686050100,931592
1180008315,232454
1657300280,437584
7856600170,763147
4154303125,624333
3295730050,561724
1777500090,694194
203600470,659226
6673050020,344753
8731980680,279743
2273600260,503413
1000102,289146
4197400005,581488
3378100100,257229
7856620210,772168
9275700765,972913
1246700136,410815
4239400740,157171
3306300630,207557
2524049056,1080450
2023049245,267222
3210400340,264884
2621760350,301885
526059183,397500
8078460050,671657
7504110050,702910
3876312840,391301
9268850350,326858
8085400490,1121356
2722059185,469634
3644100101,359804
1321700030,708139
5608000630,1341206
825059349,1440189
6083000071,227639
9164100105,523929
1425059145,463971
5210200184,543480
9477201370,446255
2927600630,831884
2619920170,818668
1560930450,553898
2896000510,514727
3034200067,623644
4025300360,345513
3362401295,508134
2391600555,414852
7550801170,511069
5347200175,256424
8910500471,423444
7199340560,472322
9266700175,406587
808300270,450596
2487200875,462998
8728100781,355805
5379804888,263106
6619510060,410754
5416500680,437454
1862400087,433371
2126049277,402472
4137000070,296193
8081500060,2265559
686800065,926483
5561100180,565104
798000342,280752
5603700095,537098
7151700585,1619327
8129700565,624937
2782100260,667192
7011201106,419115
2423069084,574670
8141300300,342803
6601200040,287312
290200230,639719
1423900220,255746
7303200450,237835
3755100220,380239
796000235,215642
7237501040,1132728
7203220400,849262
9285800275,856580
2061100435,537049
6414100025,559392
5317100750,2191259
6145601000,473076
5634500775,477968
7375300160,587495
9558050360,526890
4151800420,469507
3751600146,210186
5302400080,557295
357000005,623470
7283900306,464930
3738900105,312554
6822100305,618096
7436000205,539133
3295730040,567026
1526300015,384120
3294700101,264898
8864000970,204362
5469502700,404830
8078520310,243372
6154900130,322236
8945200830,182788
1085623630,423007
4013800131,220469
2287000010,666606
546000930,689761
4051100390,223791
7203100120,655497
7523850150,272473
3826000665,297726
1311800560,224060
2877102180,515443
3221059044,852683
9169600110,548813
9510920040,751013
8813400155,784359
3896100130,1108049
2568200740,750690
1217000340,314884
6430500086,439026
5634500234,521652
825049073,474018
2391601445,1148997
7881500330,465429
1721801591,137039
2473390710,309729
5634500891,340903
5515600163,505634
2560805630,235079
8078350280,627585
9477201060,379713
8827901350,734016
3560800040,456701
3034200370,532654
1328300040,346116
2483200010,585568
6071800480,415161
6200017,222588
8149600065,842075
3362400615,467518
7518502945,533220
8001210120,254051
8682280340,441133
3623500408,2253531
3764650070,485790
7937600380,392572
923000580,703123
217500005,400972
5419800510,253991
8562901250,569823
2212200100,308415
2310100240,360549
8582010240,635701
8651410670,199620
3330501645,291934
8113101232,384335
7849202190,317078
1864700300,319686
5231000060,272710
1565900070,258120
7555220140,699115
7518505160,464568
3322049005,626086
808300550,415055
66000265,439616
2880100675,410317
1524079156,415897
3625700010,1480361
3259400024,327323
3205000310,373312
807800190,278809
2783600210,465840
9290870040,825062
2561360120,404544
8857100180,423653
4388000070,232489
3860900003,878638
1176001119,562567
6084600330,253276
7985000100,227420
8026200080,357966
3210600010,727964
7558300170,545630
7852180340,426585
524069011,642749
3361401011,132098
6117502455,270795
5602000025,216496
4142450490,297205
5306100255,364737
1795900120,548225
1193000280,898141
9238480120,518065
3630200780,912174
1250201130,465000
7796000095,1317490
8635760040,524776
9476700135,257951
5249804510,521619
40000553,233684
3204300625,789798
2596400050,395686
2724069103,356872
3744000040,443032
7525100590,462286
3705900292,413011
6169900790,1783750
8127700735,1022896
3761700067,1077617
6065300570,945454
4022902050,448355
3886902590,600218
4107100190,1630743
2909300150,656059
384000135,477766
1005000036,398990
8856970530,327003
3448900320,596538
6713700100,388734
2260300060,1925320
7273100026,624539
1277000020,864424
2620069113,381349
4166800080,325863
8731902680,257719
2599200830,226807
7569500010,708311
1825069031,654451
4443801495,589602
7805450110,725842
3345700207,503738
1560920450,860580
3629950010,418466
3782100035,291515
5561400340,757789
1898310110,261971
2122039094,606270
631000040,497775
293000145,395379
8121100015,407172
3205200430,359470
2475900565,290792
1651500040,2050740
3955900500,382841
7907600100,268662
3123039136,316959
3972900735,275852
1424059130,352225
6792200282,252618
910000104,256146
3751600784,335580
946000295,434199
7749500070,331223
255550070,350531
5151600340,283664
5415300060,543132
287000110,514976
7585000110,191602
8121200460,501013
6891100090,963320
7575600100,295023
4240400140,617442
4046500510,321504
2944010240,992134
3449820380,553214
7203102140,317411
8665900291,568615
1775930010,414563
1118001631,1118306
8911000445,328149
117000100,638028
9284800085,434614
2795000080,516088
123039207,301940
1312200080,238634
1236300290,1425743
7549800168,520457
6891100260,924420
6072000910,553795
3226049184,348300
1442880320,507272
23500190,579211
6021502070,497294
4168000110,206566
792000006,196862
9558200210,215734
3840700757,634413
3876311650,565607
1328320800,352894
5006000170,241702
7575600430,273042
7686202580,192556
2524069097,1598210
4292300024,342047
2726049071,431782
3526039019,781837
3300701365,459001
1274500170,193310
7282300095,288598
8562740440,713564
3761100045,2480024
2877104265,912150
7940710100,533390
6071000030,904959
6448000100,1564000
2923500230,2512809
6751300375,475468
7214810350,438285
1088800470,548385
7129300420,252771
6149700405,288322
9521100855,527207
1861400116,672968
2787460720,235551
6073240060,705733
291310100,416608
1247100035,1054477
2626069030,1908840
1326059085,520036
6447300265,3204596
8651401270,180537
3524039209,663161
3226069049,1128487
7548300425,408452
1438000360,485739
1777600900,727922
5244800695,535604
3387900390,269529
1954700615,1090051
1026049036,318446
1683500180,233203
1939130420,663894
2021200530,1040320
993002325,429730
2780900220,289261
2540800390,467117
2919700540,602265
2787250090,524556
8651442520,275138
100600860,210247
1437580480,981949
3886902505,623104
173000140,399827
5151800045,547616
3010300240,545013
2085200261,325218
1839500065,286397
1049010300,362949
1328340540,299231
8887001625,437456
5332200320,639024
7137960030,277746
5468780250,345199
2436200715,580518
5137800030,304103
1068000520,1347256
5379805121,382449
7445000105,442611
7942601895,755272
1727850350,1125641
9407150310,328888
5569620550,743939
3179100480,468643
3624039111,227889
7844200050,322463
3304040020,385470
7739100155,797107
6099400053,206941
7468900270,191757
396100025,394921
1160000255,373509
6300000320,382995
6392000570,356683
7387500235,327341
1121000058,554401
9828702120,563545
7715800310,457404
8562740370,744814
5637500070,382541
5561400470,630326
1189000205,430773
2412100025,400926
1073100065,321983
5160300020,550244
2770601677,503978
5104450070,431671
820079043,458358
751000190,331900
1823049179,376350
7430200060,1304129
3331000035,571037
1775910370,523417
3626039299,572557
1546600125,664256
3260810150,327073
6817800330,311789
414100045,382197
1326039061,380990
4055700030,1158473
1225069038,1628262
2296700260,424797
2822049160,220127
3395300260,526370
5144000036,309414
809002290,753739
7334501410,313739
421049114,193467
2623069010,767149
1133000144,571095
705710290,332137
7313200120,582785
1269200150,307841
9264930970,295529
6819100020,2158828
5112800421,273315
7846700850,237965
7227501450,252634
5451210150,624510
4140900140,424045
3537900180,667468
7738500475,435044
3541600450,394596
5379800040,328915
6664900330,277490
6056100312,375533
7766200013,551604
8651720470,472595
5690500095,892810
5423010180,766840
3204300610,506709
3425059066,570711
7856660130,1045962
2954400520,1161821
2327000110,893829
9526600340,725831
7695500200,434111
7237501180,1168757
2008000550,262167
1123059126,544163
1775500371,789003
3459900230,1673186
2619950310,491811
1771100330,293708
1321059097,370544
2420069278,279343
3832050570,299710
7132300525,481538
8691410700,738074
7967000150,309069
1328300810,383070
711000110,1321582
9485951460,443271
1771000970,336585
2817100900,267656
6817800630,403348
3558900450,515281
7215400770,366078
4222000320,206274
2791500270,286786
424069018,901265
9547205180,700897
5631500947,558384
1425059193,1144084
567000775,434573
3904900610,508383
3649100346,425705
1624049228,563500
1559900080,363945
2919702040,648903
4013800206,203596
1025039292,1192420
2771604640,701961
7203600550,255466
1545802830,270607
3303910010,634570
8617000060,867124
7889600190,247159
3325069064,487577
6300000337,565957
1172000150,323707
3348401319,367401
4188000490,876361
7779200355,649633
8029900110,433302
4060000290,228639
9475710040,382715
798000535,227337
6415100410,392913
4299700095,304309
6117500955,390545
2421039075,225476
3362401935,530014
1545800205,281680
7645900235,783418
4141000060,1146928
9485800050,651270
2436700280,820125
7335400400,226149
9294300495,769419
6649300190,421104
7950303270,376706
2391601010,413686
8129700728,555137
7871500685,631027
1498304065,558800
3862710010,400567
9209900335,547620
952006857,315364
2322069168,576655
1775801090,474099
5700002165,583159
4029400080,385199
7796100080,847419
9279700150,1784145
3876200060,419201
2934800025,307166
9359100101,934706
3330500335,274488
4027700466,380855
3204800430,412225
5415350770,721977
1443550020,490654
2810600022,333726
1238500281,554712
2591020140,486398
7137900960,246536
1328340630,279760
3529200190,335427
1624049291,856752
4083301120,591074
1873100060,681691
1773101159,295419
7214700350,510389
3856902250,613365
7169500130,520338
4038300010,427692
9578500810,421664
3345100184,352899
452001860,498503
7905200037,533965
9376301110,508457
873900240,297263
8682262400,406152
7227500910,192162
2392100090,434789
3221079050,423534
4307320280,341413
3211270170,513740
726059483,777068
424049043,661176
6865200140,631158
1155640050,426132
4139430250,1359742
818500100,211825
7999600180,190739
4099501215,795808
4046700140,409385
8857600490,191728
8677900120,473293
5379805253,200740
9211510410,241111
2337000150,261800
1423049029,260085
4036800580,463886
3942900010,375038
3438502715,404482
7625702441,387369
3905100610,444759
2218000335,502439
3034200516,393557
8024200625,353245
8564500020,320976
9550202700,475025
7518508625,592115
1822350070,380779
8921000040,870096
6648150090,1644002
2402100675,686065
42000127,294674
5100401160,486693
7347600507,248964
1839910300,322875
1250201550,753696
9460000010,308177
3356402232,220351
6819100150,616514
8645501330,289261
1556200005,870289
40000228,208383
7300410010,387638
4299000030,369940
2629600016,516125
662310900,361806
1909600046,475296
7893207490,218089
2524049318,1674535
924069210,714360
1591600527,320001
98000060,1327684
6392002020,572274
2719100400,484100
8018600655,451576
2141500020,465411
3277801580,532580
7237500110,1031206
626100023,560585
4319200820,366727
1422029138,548008
9517200610,354929
7334600280,282460
8820902400,570705
8944600060,530184
100100050,323112
8074200100,262309
1836980240,758396
6648500440,317504
9530100225,625206
2883200875,591530
4218400175,1002699
1022069183,615453
6398000171,539972
5021900160,656214
8078410250,552130
7972602490,304565
1962200435,751120
7221400285,244772
273900030,234453
2708450020,497603
4083306616,459713
3034200435,617343
7855000550,1384949
871000155,641110
8024201714,536218
2625069038,1319026
2324800350,838689
5450900010,1470861
1822039225,573079
2460700700,280904
6679001060,306640
2422059111,312930
1250200345,305004
5589300370,330327
2021201000,1543470
4302200336,254658
1328330290,346781
3438500781,409967
5453700020,701391
123039147,377752
8691310070,855326
6450303785,335317
114100234,480841
9212900820,483490
4270600025,293503
7201600190,468137
521049227,705949
6300500479,422263
1432600100,216645
1024000109,351883
1430800100,299769
9164100125,570628
1925069183,529672
7852160080,1033001
5317100780,1365251
4083304835,581632
9478400080,771585
4463400195,209368
4232901525,511119
3845101070,369728
1843130980,305424
3810000480,337272
7137960440,282784
1231001115,365607
5101405340,496298
3723800409,633165
8651430370,193603
6135300010,235135
23520380,490020
2935400100,539676
6137500320,1002866
7841300230,307760
3521069051,505181
2621400080,300592
5104530240,356151
2022069200,419117
5469501850,395353
9206950110,324571
3298300210,355577
2810600015,381853
7298050090,565692
7202290620,479577
3211290370,424083
1591600506,358396
2827100070,385245
2482410130,370669
4364200125,410078
6388910730,536661
7436500120,502679
1822059156,759952
9432750190,511754
2205700405,445853
6056111370,362317
3205500160,410337
6139100076,363804
723069135,400616
4123830070,321256
2472920740,461397
6134500220,629225
2734100395,241411
3574800090,419044
3126049107,540585
669000210,1064778
1139000620,296072
3825311190,714880
7300400320,371713
9407150250,291048
3679400503,324925
641900050,433632
9169100130,559231
8091800140,327113
9547201155,526677
4154302045,279201
6638900265,719763
1423069063,431860
3335000025,463404
9269200650,283665
1781500180,371990
9211500520,241464
1853080150,840551
2767704756,475336
2206700295,437705
2557000380,294353
11520200,790885
3832710680,246137
2569500210,334864
5230300210,259328
6447300225,1508953
5035300325,1088603
7853301660,763844
5411800250,352860
7203210170,718831
4302200415,281128
7942100290,221361
3629860160,806403
1423069076,650643
525049085,570705
3306200230,224417
2193310300,469903
7978800621,253159
4027700632,450834
1761100190,224101
2749600245,565093
322069141,494349
1900000035,178859
3361400190,194081
1604602050,596710
9421500160,457342
7788400180,299747
1566100625,496918
3861500340,264925
2524069072,316745
3013300980,400082
4191500130,590666
9407150130,313822
3904902500,712998
9510900140,226854
3368900084,293344
3432501415,295369
4254000540,475628
2767603250,537449
2923501130,638882
9183703045,281296
5279100675,278630
3905080310,504798
2461900375,673370
3346300356,537967
1865000110,364311
9264930400,294250
3447000100,598031
2313900510,500721
7518507330,585078
9368700270,189437
1137400420,369421
2023069054,269833
2141320230,582755
9536601295,330750
2424400130,369223
5210200081,446178
4443800785,572604
7292700005,542534
9834201205,317012
3275800050,282795
6926700654,645601
7511000140,1360273
6821101895,613957
8964800695,1135803
6821100195,599726
1226059105,604492
2806300070,1188220
1720069029,417067
6384300020,482107
8928100125,614741
8562770720,513106
8650300130,756942
2126059172,423863
8812401450,720490
6646200280,664346
4021100045,573146
1155620190,416502
6061000010,444734
3362400472,387936
9558020240,533235
7309100270,530896
7137950210,321291
7849200635,228065
1311200460,266057
284000095,971335
1509700050,317363
3438503014,286963
9406450090,335388
5096300140,419761
8923600020,1436897
809001070,628794
2291400342,302608
644210020,791966
6700390090,262441
5631500285,815046
104560120,288172
6413100311,391643
2558700090,421011
1471590060,736155
8914100170,613214
5652601035,349688
7852120140,752122
6163900952,372981
5215200050,714715
6352600490,781521
3912000020,525127
8830400135,230235
5467500040,414156
9406570300,412652
109200390,232256
2025770310,652379
1939120450,694859
7524900003,2713462
3755000120,372675
2473002850,552385
7625703945,363968
9477000190,423675
1727500230,415900
7011201087,437498
5561300750,478079
3969300030,186835
8097000330,316203
2025049064,708785
985001321,225775
1775500050,394779
8849300160,386613
2316400285,475771
2423020180,578076
7128300500,497052
9512501400,404855
7200179,169008
5490210670,520464
9527000330,580713
1972200326,501876
4151800195,524274
4046500320,393390
9834200885,430921
8161020050,598440
2891000750,218927
3426049031,1260698
7387500195,288973
6303400395,134706
638100015,340950
4107100204,1959672
537000255,211789
985001266,271508
1137410040,433051
7229900250,233339
3905100840,507572
8100400160,624524
1346300150,2601425
1443501020,221436
5490700035,378046
1954600050,459702
8122100690,470190
3663000070,465273
5101406375,489296
426059055,606261
9268850160,364745
8731800840,272032
3331001910,322815
7603100020,924981
809002705,808872
4364200075,300083
1113000430,178268
1176001117,581394
3320000212,382233
9286000150,1370971
301400830,246868
425059024,672085
8835350300,515080
7100000135,334845
7696600240,217404
9808640320,1032514
3764500180,543662
326049060,581496
4017110200,442938
7224500300,218957
1560930050,564587
726059395,439892
8964800890,2095767
4045500620,672374
8562710250,844958
1775800710,356742
9528102865,886890
8096000060,528176
1591000015,268040
2310000430,271767
3902300350,612595
4068300280,244220
8732130730,241299
6791100410,527610
7660100236,371202
2568200070,878744
7697870310,253426
8562901100,651962
4016800120,361914
7338200180,597848
6791400320,259509
616000200,394650
2917200675,445230
2926049086,627768
3621059048,495852
7987401095,740826
5589900590,382876
855700170,530362
4030500130,304198
1755700060,367005
2413900050,697188
2489200250,464530
420000085,234557
8106300820,478030
8651730580,436257
8106300090,409927
9842300095,465878
9477000280,381205
2877102495,420412
868001030,852701
8564860110,581137
6762700452,526976
3294700310,202064
7231501665,226321
7525900050,544903
7882600326,1442019
104550690,296740
3425059076,1198527
8835770170,1296009
2581300010,1130685
844000180,233983
7888100240,241163
3845100670,490938
4027700812,496561
291310390,351976
9550200370,635026
2328800130,300461
2372800100,248520
2923039264,590026
9282801720,298952
9520900230,587496
985000955,281486
1099600090,216176
9211010320,517571
3825310820,808906
9545240180,537572
87000245,190017
5041300100,628864
3624039150,240826
1370804430,558169
722079056,532129
9126100815,542579
1770000490,314096
3995700250,386128
7214820400,392293
2473411130,356196
1824059079,923177
3080000030,511782
984200540,315676
524059063,1940337
9482700475,728265
8024200820,501030
8568700015,365170
1223089050,367892
2205500400,496949
1279300085,663713
7376300085,461419
322069020,427801
291310150,352229
724069059,1676559
5255200220,413061
1931300850,427111
4427100105,413573
2881700231,349549
8641500280,288736
5406500440,650673
8078390150,701796
8945300090,223543
8819901030,838838
3179100220,794343
2126079046,340007
2621750350,324202
4014400190,472048
7853420110,608283
2114700368,307524
3438501081,266393
6850700670,861808
3352402272,274979
4157600150,639981
8151600941,259279
5160300030,545498
3820350120,344088
7338000800,192820
3359500110,789027
8016300240,633053
7203120050,826724
3322049201,229022
7231502505,202602
8106100105,3422964
3895100039,896282
1001200035,229015
2724201202,215831
4038100110,556344
8827900015,590706
2644900109,388054
302000375,226708
1604600095,408831
2600040160,598162
2129700525,305184
603000555,344171
4083302225,850677
7298000090,469450
2484700015,479369
8945100320,220178
5112800042,458300
8091411100,288800
7375100070,444804
7577700061,623497
7923700030,424364
4235400186,394878
1498303700,786905
3876312350,391245
3797001815,417892
868002015,1323874
597000550,450471
8956200530,408778
2207100165,491945
7942100180,218766
2468800040,354758
9842300036,413377
5700003985,1902918
2988000070,375415
8857320260,543737
2600040130,510174
6632900452,608256
7518505910,515507
1672000170,623544
2597800010,495609
8562790720,738680
4219401080,1855297
7000100711,784278
7954000125,563546
5700003640,2129370
5700000275,735541
4019301205,469973
8943600360,285560
2954400400,1134152
1321400060,256645
2255500123,588285
2781260070,399795
1313000220,711136
1125069153,1223962
8899000310,263464
4139450360,902957
5511600315,509281
3575302575,507368
3226049054,496642
274100090,305777
1545802080,247483
6669020500,310329
3307700405,511935
3760500407,1578177
7853270100,758804
9320350020,606847
7715800430,471846
6791400100,383480
7708000010,373961
1448800010,265542
1782500035,364021
3449500050,522917
2856100515,848643
1245000461,1007370
1219000043,302335
5409800110,357732
2680700010,628760
8143100350,385518
2597150270,275004
2966800010,316311
8854000010,824310
2207200635,452081
1722059222,290054
9358002305,392541
6392001950,456817
3630080070,357181
3797001702,938616
8127700440,653242
1446400785,183743
5016002275,954690
2818100060,1240795
6431000748,407411
7972600450,305234
8078570380,322353
7889601320,186717
1762600280,938375
3026059085,1374157
3475000080,576664
1370802620,592207
5151600285,296362
2722049218,332386
7696300080,400201
4168100020,232254
1474000050,442476
2473480350,333393
1139600270,288160
6699940120,348002
7016100120,401886
6752510010,774830
7915100490,608125
984210170,323329
6159400030,392896
3013300968,386948
6404600006,253206
2770602170,388543
1922059401,209354
291300010,326370
3856905185,477887
7304300905,298517
3416600185,560450
1786810040,750622
4354700010,409841
3902100175,898936
4305600360,464040
3622069114,614428
4376700570,618755
6795100589,571500
3344500085,480893
2206500105,403434
8731900880,340436
1682000160,220497
5104200380,238295
1982201595,544280
795002190,211911
7228500375,505809
9412200280,410258
5071401000,943232
597000566,333690
8151600101,176461
2028700265,519006
1670400090,179755
7851980100,1277167
5595900345,433952
4046700300,415704
4324210120,263941
2616800050,599831
1525079069,744549
9828201020,543881
2723069146,715034
9468200100,529271
2883200961,550314
1137300690,677210
2473100280,347677
723049448,256031
3066410810,706426
5700003280,1002898
9268200440,457829
4053200410,335895
1234000704,1287031
2473372170,423916
2523039239,251216
4324500490,213888
238000244,459917
1105000571,358542
1771000430,314979
666000142,794651
3389900800,435066
3578700017,569735
3629970190,741138
255450250,314613
1154100205,277200
3629890190,1103056
3905080870,532916
8155820110,293527
5135000170,820004
2464400435,601584
9482700080,562951
318900080,439809
9477001410,395979
825079019,685648
1471701200,418447
5606000120,872123
7853350220,652275
1776460110,485877
3904920980,702882
8087800430,578043
3298200320,421495
9122500080,296889
7893804845,302914
1370803730,585720
8001450170,302998
5561400260,692353
7308600010,754591
3524039060,323142
7300400150,360360
207700050,574058
5595900355,245799
2652500285,718062
6744701310,1835920
525069127,1193897
3334000050,397391
8682220390,679617
4038700380,609700
8073000265,372905
9521100960,735299
5634500688,935409
6813600440,396737
1072010350,534378
7853301700,674044
5141000571,296941
2013802060,468608
7852070210,1211629
1402970070,342058
2310040020,366252
646910560,263958
6647400090,432430
8682231110,530191
4376700330,616737
8069000075,722203
7147600220,239113
4142450330,264597
5101404698,415731
6154500070,935640
1592000640,637549
3756900027,522139
7203220130,911669
643300010,476592
8651720150,471928
4139400910,755205
5054800110,340058
8835200330,457779
7682200340,252985
7203600745,417610
1895000260,247742
7922750020,532597
5437200050,402739
8732160250,265714
1442870440,497332
1471700410,391965
3204800330,382284
1923000160,888508
2719100013,417301
3814900380,338281
326049038,463438
1068000110,1018669
8835800010,1011113
1560920200,495333
1668500090,706963
2597530070,858859
1139000035,554404
8032700072,514616
7732300390,731426
5130000080,488925
9276200890,456842
342000036,473409
5126300060,477717
2331300505,755325
8651410090,183381
200800330,450499
7520000616,300983
7170200110,439540
3021059155,211909
3582900280,1120092
7340600845,220128
3905040060,524740
3224800120,291836
6021503740,519632
2570300130,443206
8121100395,527391
3356404198,254314
3630090050,750234
923000413,444224
9201300020,1180349
1777600210,636710
7738500731,3347586
686900010,1008134
7967000160,304500
3413700130,667060
7852190290,574699
1180007375,609509
3353404510,298238
7802900380,315041
8021700715,647042
3205100080,448694
4477000290,540325
1118001645,1334673
7979900806,307244
7228500415,672784
7212660640,326124
3826000735,204599
7714000250,397831
4400200057,608804
2487200279,517811
7140700690,283486
3304300080,565806
2887950110,258058
3760500222,775200
9269200786,395271
3734900110,227095
5045700400,537241
2140950130,478970
2612000200,386732
8563300085,450152
2425059173,651847
8091410930,280884
9422400035,602763
1112000100,678313
1323089056,371492
5015000596,784570
1535204165,532558
1438000430,465653
3222059130,529621
1982200330,620488
6624010010,240217
2303900035,3550265
259600620,560965
6072500490,507739
123039633,337589
8562780090,307391
5249802240,643414
6071200400,547797
826069002,381761
2625079030,772637
6742700210,1213196
9253900408,1360445
2560803085,229740
1237500540,336016
425069020,1110949
9185700440,2240318
8656300345,434411
4245400045,261827
9834201370,429769
7853300770,418171
9551201295,532101
898000220,240736
3834000720,372910
1245500690,750362
4083304190,583571
4178300080,746807
2960900045,646348
1446801030,248328
7855800910,728489
7853310150,608976
8732131090,270419
7967600285,481328
8651520510,600768
5379802650,250009
1425059174,481825
627300105,849347
3124089049,483358
1778350270,702694
8691500410,378074
9169600043,478891
100300500,302923
3221069054,720237
4443800385,611962
7922710450,742685
7880020030,652947
3288020050,327328
4136980090,714840
1687000240,322911
7812801785,230731
1126059144,577517
792500260,349084
3222049055,704507
8635750090,691747
2767601280,894266
5347200162,257209
7503800210,265838
3394100020,1206373
7663700783,404848
9454200030,461803
3791500050,286479
582000185,602934
3211230260,415048
323059103,339852
7297700055,347118
1545805460,246452
2341800195,326033
6648700150,277087
3860900035,1696018
1980200236,554079
1180002745,330984
3275890310,680852
6840701100,491416
8651402750,151970
1588600045,411721
2422029094,302471
1702901500,322624
3755100005,496471
3624039074,278978
7950302995,421732
5273200060,597365
8025700460,264092
280610020,1017967
3333002450,226018
7379600240,526813
4058802300,307170
302000065,187873
9527000180,599650
3626039403,365144
9510900360,261229
2310040230,367445
7308900490,619090
2206900065,379942
324059161,998037
7345310100,263296
2422049107,365978
8146100095,695671
87000283,371361
7937600010,301572
2618300350,242833
224069102,534560
7129302095,209552
7352200025,1119673
6163900333,366680
3528960020,647595
1687000220,298315
4141400030,606357
1822500160,321501
5467910190,378852
9331800580,307071
2407000405,191804
5466700290,285793
3026059361,483708
1523069096,507101
3876312010,430404
8832900135,907068
9238900616,531696
4142450040,278952
9282800065,280068
5379800862,336435
2459950010,263624
4435000520,232519
1552800010,319725
7549800543,322697
9828200460,441836
6345000160,982571
7129304105,336307
4302201005,279727
2450500110,802973
5166700050,604899
1085623710,401483
1123049129,295840
8566100200,1059979
1774000780,442480
9492500170,867038
686530530,655070
4022907770,613084
6052400975,238002
3438502501,481777
3758900023,1109154
1645000580,306633
8099200030,254179
7635801371,470606
3456000310,822365
2025059150,770597
2624039114,448987
3348401095,302869
6633900170,525952
2600000510,606643
9414700020,323253
3204800520,358475
1844500025,343994
4137010590,378583
8564950280,532955
1338800491,922805
4058801702,757708
461004720,565329
3123059107,636804
6819100380,554727
1193000390,1008689
3450300270,315658
3110800040,265256
1437910090,588458
3645500050,423684
4338800600,235161
2114700530,381381
6381500450,373274
9206950200,322087
4232900940,657468
1025049174,1090638
7774200070,762046
1231000310,460634
8155870200,280826
7935000625,1078612
2426049079,326708
4037500230,546432
2331550120,327585
7974200765,519203
686200510,588117
4024100670,435427
3834500195,466521
3526059115,566342
7950304075,300622
1386800054,318900
9834200165,609410
6147650300,333607
6891800360,548645
9170500060,580433
65000260,880828
7784400130,614386
7941140070,370660
2122049096,180764
6003000851,389212
7203220050,966037
8898700960,310050
5245600105,210739
3530470190,195843
7883603965,297057
4022902505,507865
3211100240,320494
5119010090,478131
3821000100,267919
7301300050,378134
2171400197,403182
9471201175,1543182
2473450200,390604
2258500045,447956
1139000400,492158
3298701025,233051
1498302774,286412
9276200190,574621
2909300240,642792
1250200693,545090
3101500010,344437
2557000630,270671
1324300091,394245
2826049260,469187
3342100421,616446
3524049083,380342
9103000393,1397141
3121059033,268627
7853240200,652168
7950700120,281911
1822059057,159508
1219000473,309027
9272201385,743265
1336800185,1225362
9268851630,422549
2788400315,245875
3529000930,556676
5631500967,429865
2188201010,244073
8562970040,780274
4415600030,359823
2473251170,285901
7511200020,556285
1163400020,263612
5412400180,245632
255450400,341209
1687000210,316415
6749700004,272261
2738650030,573917
9136100420,719941
1924069115,786011
714000155,637689
904000045,644170
3395070640,287198
6308000010,650662
2695600130,351138
3626039279,399410
1623089039,245489
3438501327,350859
8118600025,393416
7625703435,815837
1807900300,700685
1862900360,299868
2768100186,492821
2524059269,897193
1126059108,978544
7856610130,786182
7203000200,261410
3630120700,751385
1612500090,218648
3586500620,1113968
5207200360,438476
6675500035,399484
1781500385,376784
1150900080,841980
9541600355,874003
7525530670,780962
844000375,311017
9578140180,330537
9558041130,345982
1788800910,191173
9550200225,556720
8643200055,255723
6143000020,288700
8941100095,1176645
3630010020,415956
2895800610,349630
822039084,777131
5423600080,566971
3992700775,436568
3816700150,427710
4083302485,710665
5127000810,331607
1725059182,1206117
9485930120,371695
293850040,574667
8731981940,349172
3330501545,296944
1026069061,790033
8121200710,512990
3764390100,459555
9493200010,341600
2902201301,634375
3444120130,465223
5256500025,480275
4022902715,560765
871001500,698403
2329700440,187797
1773100275,263003
7852160070,1178909
2141330560,581440
2505500009,668290
8647800150,336374
4337000200,256358
9264901680,245278
1773101050,335918
9320990120,314375
8856960280,317268
5589300585,310627
7935000595,989250
7203150080,666375
5616000030,320728
825059178,2867425
6666830390,715577
8732900840,668079
2095800520,477858
1771000760,340582
1901600090,392286
8857600680,228444
4038700830,559305
8956200070,364936
8081500050,2014017
567000755,409634
424069264,759681
1564000410,864588
2817100910,305555
3303960080,859586
3340401535,197140
1622059095,286526
3278601940,393116
7202380120,479403
745500010,794878
6608500220,412793
8024201055,361633
8929000140,441384
859000160,299492
8673400061,431287
1269200229,974772
6705850300,749961
3395040550,288536
1697000370,205686
5245600120,248139
8892900180,232457
1794500360,697133
2025049192,507328
1930301325,922018
4217402162,1372123
8126300410,592102
3345700215,559225
2887701420,444214
2887701251,457373
4036100175,681761
6762700515,989384
3192000085,202187
226059096,1243287
9238900855,406147
6706200130,302718
2744000010,267584
7202271060,691547
7923200150,549784
162500030,317463
2571910210,294156
1523059105,333336
6052401215,239137
6626100260,784915
8925100115,1187100
5459500165,632686
7686202635,195219
1118001370,1265818
122029066,417808
8039900130,318338
3262300235,1097796
8860500300,323695
8956000250,546560
1646501920,523897
9284801500,411862
1442880380,476816
1311500020,257598
254000695,383284
9477101280,410681
9510970530,649678
6891800500,619993
9407000230,288653
7202340590,656780
8151600590,344608
9407001600,282967
1771000690,328765
1525069134,1052956
8645540040,297672
9414500200,395080
7883607645,212092
3845100140,336638
2726049164,453227
4340610040,309442
1245003006,1112582
1105000373,259458
6083000123,189022
1777600450,579917
9558000100,449653
2473002060,319221
943100689,334557
7544800395,457259
1931300090,605722
7936000252,511000
7987400316,297268
5152700060,690084
1721801025,223780
3438501450,300391
9222400510,418527
1796700160,269152
323059208,363070
3392100050,196366
4038500210,705402
6324000090,357783
7549802535,485037
3343900326,450273
5701700640,819963
5249803185,555635
8838900032,916903
1237500577,975453
8642600090,304103
3303100075,486325
2133020020,354452
7950302890,558948
2770601734,617672
2538410140,343729
8159600360,593536
917000300,445695
2391600330,361335
9285800585,517419
2005950050,265420
6450301835,346374
2473480520,324600
2818600010,1026713
952006728,345672
3422049088,339522
3629870420,945720
1079350090,290950
1509500060,400401
4039000050,521130
5288200230,625312
626400020,793683
5457300095,1760944
5000500055,222373
324000530,459681
6713100031,436217
3316500200,507805
3124059006,1450909
1125079111,1463979
7852020300,498416
123039364,209227
7883603190,261643
9828700900,587552
6821100015,684572
9522100375,693768
2420069201,263685
7504110330,765805
475000510,573436
2425059074,767996
7518503685,438321
5466400550,227103
7852150720,418505
3066400140,625188
3298400470,516491
2902200874,661813
9500900110,217695
8835200160,340732
6056100295,338954
1858600042,320919
7224500010,270021
5457801925,732213
7575620750,266651
2391600735,411420
6192400180,803002
5249803870,478092
3575302880,412938
7225000045,189666
5561720180,263144
1972200428,515649
892000025,175279
2944510080,288823
2428100100,820302
6647400250,499736
121059038,401542
6398000191,558864
526059103,291766
8856960720,293243
3832500260,253931
1623089025,399979
3625710080,1154483
6446200060,672510
5706200370,429176
5515600088,203482
8029500360,348397
6700390150,259566
642500080,436072
6150700264,353669
2473371780,403505
3905120540,590102
2652501215,705153
3176100110,692458
7574910650,826930
6385800030,312460
4443800960,554554
8731951490,296224
3380900125,354547
9828701508,711157
6699950310,362244
3321049112,407456
1824079052,1003220
8032700140,826182
8679600150,557824
5040800120,978880
2026059119,430973
4024100951,489917
7212650990,318762
936000060,367162
6181500340,340485
1137400050,409669
3324079092,370760
4268200055,269192
6145602240,364025
475000176,465719
3279000120,239810
9392200030,249728
3438500714,402292
4306500070,368348
8588000610,188514
792500190,331835
2461900850,468565
2660500365,356219
5451210100,813531
2787000040,321337
3278602670,274495
9528100899,607818
1324079085,331181
9477001140,388529
9521100880,687888
7853210060,412601
1326069094,440174
3420069065,383001
5468730280,267404
5437600140,319779
5127000410,365408
5445300050,576659
3375300360,237584
9297800165,569318
6021500840,635807
4323700230,459460
643000110,254873
8043700105,2536389
6824100014,408567
9542830480,316356
736100065,858570
2592210510,877409
4233600260,1037323
1266200015,732084
2787700060,344596
8843900396,353923
8029500380,278674
5292200010,426680
1773100980,355306
2886200070,547583
8594400110,369763
9268850180,315521
4141800285,1632031
3188100007,457699
1796380960,284325
7202330030,489648
8078440140,562117
7983200060,195180
4427100025,432769
2113700510,270871
6446200305,662596
3425079088,635357
3304040130,352524
3222069153,300939
5127000470,342233
7525100520,453235
1868902745,805137
2920700220,359834
1105000780,400090
8563080020,854476
3630090110,760620
856000195,2356184
8649401000,246680
1315300095,685037
6802200670,272937
1523069022,351582
2624049165,425423
1972202080,580612
7211340030,279857
8850000180,384140
2787250080,500904
4235401055,487031
5226500250,481379
3294700421,343838
322069180,729420
1025059186,477567
1923039022,516432
1402600110,398191
6817810190,400734
434000030,629401
6056110460,587306
4337000285,228992
5710610250,593931
1049010620,233420
5112800234,386098
2309000060,495199
2985800030,440165
1604601570,429681
1563102435,709409
257000105,195258
6788201440,743756
1442300005,405313
4055700784,896398
3889100029,784769
4139450760,1083983
6079500230,671109
259601010,412927
3980300020,299003
9390700100,463483
7200001005,466104
9264920250,267024
8682260470,443020
4083303815,792815
7383450250,358411
253600180,408702
1450000210,185684
1133000100,469594
7511000050,1161014
5710600030,571734
4178300310,738193
3041700570,483677
1238500978,412396
431500155,623323
2937300050,1047200
1352300315,202655
3277800823,362516
8895800110,1020405
9274200318,537068
1118001805,1696418
629810720,833895
6852700476,617270
7345200650,244579
8929000290,423069
5506500170,595075
8899000140,264935
4006000423,269570
7137910140,240182
2423020010,416643
40000362,174988
1657000070,232931
2124700015,217146
1887500045,255154
6838000170,469627
1310910290,283960
3599600276,223535
8142000080,347483
8856971000,273262
624100950,784095
2767704332,476551
405100165,397261
6117501755,429579
8961950410,311290
1523550480,585700
6840701160,613418
3331500650,330332
1862400517,381495
9558021000,361887
1310800090,222221
5104511040,355263
522059189,238945
3448720020,367245
1310700330,262833
5649600462,315136
1853000510,1013419
8128700005,270308
6352600210,829461
3754500010,819378
1962200475,883516
1773100765,264005
8895800200,980837
1310900260,319605
809001525,878252
2624049103,301068
9191200380,613627
6600060120,414366
8150100045,269525
9558010190,372101
4038700930,555458
2883200775,629877
4036800910,476239
8673400177,526092
7110000068,844894
3279000240,227011
9545230280,500960
8815400105,594037
6738700075,880540
8732030490,298942
9532000070,562675
7752400075,504079
3824100051,380807
2768000270,536683
108000127,486200
844000225,264364
6817850040,973126
4447300137,913387
8598900125,356594
5072410070,449329
7129300520,220199
3830210020,191665
4137040250,300102
3022079080,659465
722039087,239724
3924500040,669532
2473381090,340165
2201500490,407613
9265410090,220297
9286750100,398931
2023700040,590471
324000280,586656
3814800280,334155
7697100030,515724
8731900790,297732
8044700010,549007
6123600100,197958
1450100390,192342
579000550,404630
2459000020,291976
5016000315,479023
1193000190,858671
4038700730,587513
1556200265,738010
6600410170,211151
642800130,679465
1043000100,355136
7809200055,243976
7010700308,1144235
8680500090,558442
2719100355,593784
7905200147,589851
271200130,230501
326049103,493034
8682211030,435138
1070000390,1151538
8648700450,630719
2695600410,463397
8562710640,1022970
1525200060,607418
1822039138,584305
2767601375,523075
3425069117,1227822
952004570,338294
7625702616,339259
9818700430,491184
2822059091,252077
1775900220,342501
6371000079,637571
293760150,916117
1336800880,1376141
2771600550,1341222
3905040040,526896
7787110060,441046
7708250040,345307
4022901316,508778
191100235,912781
7852050220,353138
3293700480,395801
2597450620,1345032
6169900580,1274309
2767602855,738408
810000080,845531
6392000625,504946
1865810290,193268
1568100380,347080
5249804760,386275
1337801060,768913
6181410950,271542
9264900660,307349
9122001231,676351
4427100030,386465
7334400070,291865
425079001,632185
7436500360,482485
1245001295,709552
1310500550,294450
4047200950,220654
9103000455,756233
2291400341,302608
3876100310,408579
7131300031,281774
7853380510,631669
7409700215,664904
5248800250,416846
126039323,416554
6632300207,360464
3826501060,261638
8024202520,414620
3343901401,467077
6431000005,541299
9232900075,355858
3056700150,220486
5104511250,443886
3658700510,654131
2895110062,292934
7454000990,251947
4038700680,615305
7811220070,618479
8091670030,372097
3438503045,267728
6388900710,480278
7956300020,200267
1775930440,478118
1762600190,934874
6600400260,213943
8728550150,567516
8155500110,596348
9169600135,457540
1777600490,682547
125059179,670067
7558700030,3765897
1702900624,333829
3343901403,561223
5101400994,337886
5547500050,254228
1705400350,361301
629810800,945041
4104900150,583356
7888000390,199542
4140900270,354089
6649900030,392081
820000012,480263
6151800080,336391
7454001060,241294
8682262330,398691
1566100010,372798
1180500070,411620
1112630130,381638
3101500090,470630
8682310220,648577
4032500035,493084
1623800440,476205
1088400190,213655
751000080,402218
6675500070,406513
2193340140,544608
522049074,332978
3204500340,224631
5104200470,422226
7517500611,707682
2946002140,233506
7631800110,1040691
3529300330,319799
3885801970,650242
5456000570,1008238
4123810090,367127
4037000635,532861
8079030350,467411
1726069060,703736
6858700225,230184
3356406510,216392
5423030040,584680
3111300040,470757
259800060,489561
1972202320,445765
5100403818,369463
1422700040,228209
3625049014,2352268
7852011040,639158
1201500010,675849
7195800009,298108
9407001320,252901
9508850100,626674
1328340380,282114
3885804305,905699
7128300630,644800
7574000080,398993
3744000150,457005
2607720150,547716
7203190110,705393
3904902430,654272
11501160,796178
9209900315,489040
9465910030,590576
3622069103,687254
3288301010,502738
4395600060,946954
7694200380,331833
9552700550,671070
9264921110,283636
6738700225,1091610
293620220,797860
7525300310,615681
3992700036,412943
3577300040,447785
3812400202,200368
2402100055,671203
1853080790,858524
1994200260,701671
1339300025,772153
7616200050,548544
4022902555,689131
9528102110,612004
6613001241,1615414
3205400240,346021
6065300840,1660729
7852040080,533669
1920079039,229714
2817910030,469362
1563102880,734500
8561200110,533093
629000605,1173423
2781270440,241261
6152900273,313593
3303950130,365046
6411600113,346422
4055700167,934308
291310310,555352
9523100550,809785
724069070,1156416
2408800120,380944
7559600200,642247
8165500790,369009
7856620870,865346
1588600040,355091
1023059246,475679
1938000140,718721
6061400160,382873
4167300350,245576
8649400790,229732
173000036,333668
225039049,587997
8043700300,2511735
3834000400,410479
4054530260,1697874
8724300010,695872
9358002232,376359
3298700012,239492
1125059071,1014424
3885805300,451023
5315100784,1026979
3861400030,835062
7202340010,624104
7272001805,327796
2781250230,339587
1042700300,822258
123039279,179219
3760500336,1384109
6979940100,770678
686300880,685988
5214500690,427514
6021502250,643832
1320069223,320598
2871000300,785524
2724069117,437837
1159400220,737691
2571900380,301733
5528600050,291119
7686202730,167196
2225059118,848866
2558630350,424942
3655400060,401013
9558200080,280563
1796100015,551131
3378900020,517193
5416500040,320073
8856004582,208796
3812400107,444307
6126601445,476637
2997800021,465609
1211000280,349555
766800090,270270
3224079005,250001
619000100,356733
4319200620,370977
626059335,514422
3340401570,293748
7015200800,596569
8106300510,506413
1446110020,455740
2872900280,608207
8965500320,733427
7853300070,523866
5652601455,700264
7579200915,1098066
2641400160,378011
203900460,429879
2998800040,651022
7519000170,540689
923000425,860137
2973800030,206107
6430500182,1040167
7304301010,356767
3861470110,1964588
2296500136,684268
6790950150,770631
8123100045,488070
3142600130,581625
7137970130,316811
8656800190,419864
7135300046,277263
3629960680,426606
1133000385,772738
1085621960,296944
9542802000,209915
8151600973,551782
7019000050,373483
6021501920,615389
7399300420,238524
7548300731,606386
5316100220,885407
5152600090,292945
1703400470,357148
7316400070,312990
5561300380,467324
2215450100,322633
8635750330,678319
9492500140,819473
5315100393,640825
8588000315,223858
7524200180,243115
4235400255,330669
326069131,545253
4077800026,937068
9477000120,366871
5608000590,1004362
4137050130,299778
5249801440,471157
9264901510,259450
5437820250,211116
200500410,487129
9407111100,287441
126039252,403581
6141100255,458046
3013300830,382550
3271300955,879515
3021059276,267067
9542000050,674981
2769600035,753753
3824100364,449189
1726069202,339108
7327500270,305942
1189000207,435328
2472950160,270396
9558040050,545660
3438503120,366091
9407150240,277608
1370804295,616162
5700001100,671983
6837820030,403283
5411600210,826389
5061300030,302784
525069133,894006
2121000250,324746
3179100720,622491
2780700050,457893
1545805820,274455
5702380630,266152
9211010260,543902
7129300595,266671
6802200100,252691
3304030140,405703
2623039019,834863
104500730,212602
2924069132,581959
1775500310,679912
8114000040,323856
2011400021,419991
7525570020,670764
2917200615,418807
7697000170,284131
7871500070,813352
7215722010,507503
6300000378,492623
7159200005,2407185
8946410040,386179
3893100327,347850
635000009,809298
2322069116,474093
2760200050,309255
3432500210,286562
5700000245,576742
7588700177,331887
9178600135,707371
9830200475,404734
8562780160,312345
9826701665,529724
7504010900,750388
2770606915,409016
1254200075,609713
2473450430,417921
1433290010,428490
7586200061,331996
6841700070,518638
9826701320,482253
8943600720,304829
6791900260,767493
2301400640,687915
7979900210,351039
4037200665,432943
984000650,303718
2937300060,954512
8731982190,268326
1445200190,248775
952003285,745565
1402970020,415860
2487700274,426667
8113101670,396471
8682300400,563128
809002435,672678
4045900147,568038
2991000400,290033
9456200405,187893
5104510370,304402
9414610240,476805
2111010760,340286
1854900430,661405
2624300080,835678
3645100280,528391
1433100010,262647
9533600100,1195881
6743700030,555173
9294300070,651511
2114700540,237707
7853280550,750243
868000175,719735
1446401290,229725
9109000050,298733
8856004327,260454
2329800110,270244
3031200230,398616
7582700075,1747790
2422049104,162994
9274202885,513512
1770000090,415769
9500900430,238165
7305900082,351678
3336000170,374287
5680000455,818912
9808630210,869270
8807810110,449000
3824100211,427171
3423059153,587499
3937900120,488310
524059323,842994
4305600250,516632
1257201375,575221
853600150,1339409
2424059174,1242647
5205000400,297501
2658000115,202152
3055800020,263312
357000025,620646
5666300010,335670
4167700210,262654
9187200275,761019
2960900040,445550
1021049022,220636
7750500120,218376
7153200160,1122753
4406000390,251420
629800380,1237615
2026049125,288773
6117502230,1777756
3379100130,477977
2472920140,449856
7214720075,567140
1771110070,358183
5127001600,303573
6666860210,344217
5467200055,339524
7819000040,368069
3790700070,302443
6362900138,360623
597000593,405599
8032700070,601566
9301300215,901729
8902500118,411896
6607000095,383746
2163900081,688770
7732500270,662893
3856903515,619289
2557000400,272416
4386700135,1572198
7399000360,304148
